name,category,latitude,longitude,type
La Moon,Tourism/Hotel,7.8855956,98.3936121,node
Bel Aire,Tourism/Hotel,7.8966531,98.3010989,node
Ken's Inn,Tourism/Hotel,7.9020587,98.3005619,node
Family 2 Mansion,Tourism/Hotel,7.8969222,98.2997863,node
Kata Palm Resort & Spa,Tourism/Hotel,7.8189845,98.3010045,node
The Lighthouse,Tourism/Hotel,7.8230107,98.3451454,node
Super Cheap,Shopping,7.8156947,98.3388061,node
Big A,Tourism/Hotel,7.8164128,98.3344937,node
Expat,Tourism/Hotel,7.893222,98.2999093,node
Mei Zhou Hotel,Tourism/Hotel,7.8866099,98.3942795,node
Palm View Resort,Tourism/Hotel,7.8869765,98.3027028,node
Evason Phuket,Tourism/Hotel,7.7800388,98.3356882,node
Naithonburi Beach Resort,Tourism/Hotel,8.0608399,98.2792075,node
Naithon Beach Mansion,Tourism/Hotel,8.0629239,98.2782004,node
Phuket Naithon Resort,Tourism/Hotel,8.0593733,98.2780845,node
Naithon Seaview Hotel,Tourism/Hotel,8.0604275,98.2778808,node
Naithon Mart,Shopping,8.060328,98.2778937,node
Pearl of Naithon,Tourism/Hotel,8.0615206,98.278344,node
Naithon Beach Resort,Tourism/Hotel,8.0574717,98.2783475,node
The Angel of Naithon,Tourism/Hotel,8.05897,98.2781541,node
Naithon Mart,Shopping,8.0588781,98.2781696,node
Andaman White Beach Resort,Tourism/Hotel,8.0472189,98.2781612,node
Ban Naithon School,Education,8.0559937,98.278613,node
Naithon Beach Villa,Tourism/Hotel,8.0568463,98.2784222,node
Horizon,Tourism/Hotel,7.8888721,98.2933527,node
Royal Palm Beach,Tourism/Hotel,7.8903798,98.2936072,node
Tanamas House,Tourism/Hotel,8.091852,98.3063704,node
Thantip Villa Hotel,Tourism/Hotel,7.9018692,98.2990958,node
Phuket Graceland,Tourism/Hotel,7.9030135,98.2978942,node
Nai Yang Beach Resort,Tourism/Hotel,8.0880863,98.2980209,node
Wonglee House,Tourism/Hotel,8.0893219,98.3039569,node
Watmongkol Wararam School,Education,8.0926819,98.3015466,node
Wat Mongkonwaram School,Education,8.0923347,98.3051099,node
Sinthavee Hotel,Tourism/Hotel,7.8835776,98.3898455,node
Pgs,Tourism/Hotel,7.8989298,98.3017215,node
Thai Classic House,Tourism/Hotel,7.8988182,98.3019683,node
Sudarat,Tourism/Hotel,7.8870106,98.3024693,node
Absolute Nakalay Boutique Resort,Tourism/Hotel,7.9255419,98.2746923,node
Baan Taweesup,Tourism/Hotel,7.8977885,98.3016314,node
Tropica Boungalow,Tourism/Hotel,7.8934815,98.2956564,node
Patong Inn,Tourism/Hotel,7.8933425,98.2950984,node
Break Point,Tourism/Hotel,7.8918635,98.2951025,node
Big C,Shopping,7.8897076,98.3004002,node
Makro cash & carry,Shopping,7.8944037,98.3639054,node
Big C,Shopping,7.8957902,98.3669319,node
The Royal Palm,Tourism/Hotel,7.8895005,98.2930785,node
Baan Laimai,Tourism/Hotel,7.8897858,98.2931475,node
Andaman Beach Suites,Tourism/Hotel,7.9010123,98.2992998,node
Cheap Charlie's Backpacker Lodge,Tourism/Hotel,7.8910993,98.3038189,node
MVC,Tourism/Hotel,7.8970013,98.3013362,node
Piraya,Tourism/Hotel,8.1477189,98.3004754,node
Phuket Airpark,Transport Hub,8.0180294,98.4039277,node
AtHome Guest House,Tourism/Hotel,7.8811877,98.2976679,node
Best Western Bangtao Beach Resort,Tourism/Hotel,7.9853207,98.2868436,node
น้ำตก,Tourism/Hotel,8.0281835,98.3653337,node
Anchalee Inn,Tourism/Hotel,7.8841894,98.2930788,node
"Splash Beach Resort, Maikhao Phuket",Tourism/Hotel,8.1159105,98.3058744,node
Patong cottage,Tourism/Hotel,7.881232,98.3001069,node
Patong Beach Hotel,Tourism/Hotel,7.8923613,98.2957103,node
Amari Coral Beach,Tourism/Hotel,7.8866939,98.2855694,node
The Best House,Tourism/Hotel,7.8379405,98.2993803,node
Kelly's Hotel and Residence,Tourism/Hotel,7.8933094,98.3043764,node
Thavorn Grand Plaza,Tourism/Hotel,7.8796541,98.395291,node
Kanchana Garden Place,Tourism/Hotel,7.8863046,98.3023443,node
Banzaan Fresh Market (Night),Tourism/Hotel,7.8913509,98.3014978,node
Royal Paradise Hotel,Tourism/Hotel,7.8950678,98.3001621,node
Patong Villas,Tourism/Hotel,7.8951644,98.2967646,node
Boomerang Resort,Tourism/Hotel,7.8291728,98.3028864,node
Sun Beach House,Tourism/Hotel,7.8899111,98.2945185,node
Waterfront Suites Phuket by Centara,Tourism/Hotel,7.84765,98.294946,node
Sugar Marina Resort Art 3*,Tourism/Hotel,7.8497745,98.294223,node
Aochalong Villa Resort & Spa,Tourism/Hotel,7.8283444,98.3487053,node
A1 Island Guesthouse,Tourism/Hotel,7.895598,98.305248,node
B.H Paradise Hotel,Tourism/Hotel,7.8947959,98.2996283,node
Peach Hill,Tourism/Hotel,7.8261531,98.2957364,node
กหลิม รีสอร์ท,Tourism/Hotel,7.9122316,98.2958707,node
Cheap Rooms Phuket,Tourism/Hotel,7.8938697,98.2987103,node
C&M Hotel,Tourism/Hotel,7.8940026,98.2985929,node
Tinidee Hotel,Tourism/Hotel,7.9268153,98.3402107,node
Baan Oui,Tourism/Hotel,7.7816461,98.3140218,node
Naiharn Residence,Tourism/Hotel,7.7818356,98.3144068,node
The Brother's Residence,Tourism/Hotel,7.8803731,98.2930657,node
SM Resort,Tourism/Hotel,7.8783896,98.291223,node
Hyton Leelavadee Hotel,Tourism/Hotel,7.8857364,98.2928311,node
At Panta Phuket,Tourism/Hotel,8.0219648,98.3286734,node
B&B Beach House,Tourism/Hotel,7.8890424,98.2947463,node
Jang Resort,Tourism/Hotel,7.8893439,98.2950582,node
Tatum Mansion,Tourism/Hotel,7.8892471,98.2944644,node
Puerta Del Sol Rooms,Tourism/Hotel,7.8966364,98.2996161,node
Amora Beach Resort,Tourism/Hotel,7.9915733,98.2918886,node
Central Villas Resort,Tourism/Hotel,7.8597556,98.2875326,node
Phuket Orchid Resort & Spa,Tourism/Hotel,7.8343817,98.2961731,node
Andaman Seaview,Tourism/Hotel,7.8318172,98.2960221,node
Phuket Island View,Tourism/Hotel,7.8327132,98.2956859,node
The Station,Tourism/Hotel,7.90177,98.309824,node
Hotel Novotel Phuket Resort,Tourism/Hotel,7.9075953,98.2976313,node
Centara Blue Marine Resort & Spa,Tourism/Hotel,7.9109448,98.2974312,node
Best Western Ocean Resort,Tourism/Hotel,7.8516198,98.2952952,node
Sea Breeze Bungalows,Tourism/Hotel,7.814237,98.300223,node
Kata Hill Sea View,Tourism/Hotel,7.8145598,98.300702,node
Tuscany Guesthouse,Tourism/Hotel,7.8150842,98.3000701,node
Rico's Bungalows,Tourism/Hotel,7.8175205,98.3009354,node
Kata Country House,Tourism/Hotel,7.8206344,98.2997198,node
Ibis Phuket Kata,Tourism/Hotel,7.8227941,98.2992421,node
Bamboo Village,Tourism/Hotel,7.8232209,98.2989015,node
Kata Garden Resort,Tourism/Hotel,7.828152,98.2962765,node
Marina Phuket Resort,Tourism/Hotel,7.8288264,98.2950145,node
Ruam Thep Inn,Tourism/Hotel,7.8301384,98.2949495,node
Thavorn Palm Beach Resort,Tourism/Hotel,7.8363072,98.2958211,node
Thavorn Beach Resort,Tourism/Hotel,7.83595,98.298462,node
Lae Lay Suites,Tourism/Hotel,7.8295361,98.3013296,node
The Oasis Spa,Tourism/Hotel,7.819335,98.31526,node
Phulin resort,Tourism/Hotel,7.8467557,98.299756,node
FamilyMart,Shopping,7.847588,98.297188,node
Surin Park,Tourism/Hotel,7.98154,98.280471,node
Duangjitt Resort and Spa,Tourism/Hotel,7.8854476,98.2919077,node
Goldsea beach hotel,Tourism/Hotel,7.8911952,98.2951908,node
Royal Crown Hotel & Palm Spa Resort,Tourism/Hotel,7.8936915,98.3057527,node
Villa Atchara Phuket Thailand.,Tourism/Hotel,7.9066683,98.2986513,node
Andaman Cannacia Resort,Tourism/Hotel,7.8127325,98.3008106,node
Pullman Phuket Panwa Beach Resort,Tourism/Hotel,7.8102185,98.4024505,node
Baumancasa,Tourism/Hotel,7.843004,98.2961136,node
Lemon House,Tourism/Hotel,7.8866805,98.3035776,node
Tesco Lotus,Shopping,7.9814522,98.3638841,node
Sino House,Tourism/Hotel,7.886669,98.3936126,node
น้ำตกบางแป,Tourism/Hotel,8.0382292,98.3904109,node
Angsana Laguna Phuket,Tourism/Hotel,8.0055531,98.2965797,node
Ayara Hilltops Resort and Spa,Tourism/Hotel,7.9703361,98.2772187,node
Arinara Bangtao Beach Resort,Tourism/Hotel,7.9873972,98.2898537,node
OUTRIGGER Surin Beach Resort,Tourism/Hotel,7.9770296,98.2807557,node
The Chava Resort,Tourism/Hotel,7.9783698,98.2802944,node
Twinpalms Phuket,Tourism/Hotel,7.9776007,98.2810633,node
Villa La Difference,Tourism/Hotel,7.9732602,98.2810479,node
Novotel Phuket Kamala Beach,Tourism/Hotel,7.9637548,98.2845238,node
Andara Resort & Villas,Tourism/Hotel,7.9492264,98.2751981,node
Ayara Kamala Resort & Villa,Tourism/Hotel,7.9478182,98.2626764,node
Cape Sienna Phuket Hotel & Villas,Tourism/Hotel,7.9496557,98.2741207,node
Paresa Resort Phuket,Tourism/Hotel,7.9332376,98.2619851,node
Thavorn Beach Village and Spa,Tourism/Hotel,7.9264626,98.272427,node
All Seasons Naiharn Phuket,Tourism/Hotel,7.7786785,98.3055679,node
Super Cheap,Shopping,7.8808583,98.3674294,node
Yanui Seaview,Tourism/Hotel,7.7682243,98.3069725,node
Baan Yanui Beach Bungalow,Tourism/Hotel,7.7679738,98.3076199,node
Baan Suan Resort,Tourism/Hotel,7.7700631,98.3147938,node
Chandara Resort & Spa,Tourism/Hotel,8.0665727,98.4410473,node
Supalai Resort & Spa,Tourism/Hotel,8.0838722,98.4338573,node
Diamond Cottage Resort & Spa,Tourism/Hotel,7.8276652,98.2970667,node
Karon Beach Resort & Spa,Tourism/Hotel,7.8295002,98.2947868,node
La Flora Resort Patong,Tourism/Hotel,7.8955578,98.2954925,node
Safari Beach Hotel,Tourism/Hotel,7.8944864,98.2956621,node
The Kee Resort & Spa,Tourism/Hotel,7.8950255,98.2974329,node
Phuket Sea Resort,Tourism/Hotel,7.7751292,98.3251208,node
Rawai Beach Resort,Tourism/Hotel,7.7727981,98.3221446,node
โรงเรียนวัดเมืองใหม่,Education,8.0858547,98.3420537,node
Lotus's go fresh,Shopping,7.8257739,98.3018028,node
Kamala Penthouse - Thailand,Tourism/Hotel,7.9463392,98.2844826,node
Royal Prince Residence,Tourism/Hotel,7.8911413,98.3031862,node
91 Residence Patong,Tourism/Hotel,7.9017629,98.3068105,node
Tesco Lotus,Shopping,8.0213805,98.3377924,node
Family Mart,Shopping,7.8079383,98.336995,node
Tops,Shopping,7.8081228,98.3370918,node
Cloud 19 Beach Retreat,Tourism/Hotel,7.8129319,98.3869424,node
Baan Suwantawe,Tourism/Hotel,7.8857205,98.3926133,node
99 Old Town Guesthouse,Tourism/Hotel,7.8848238,98.3899897,node
CC's Hideaway,Tourism/Hotel,7.8298374,98.304652,node
Pai Tan villas,Tourism/Hotel,7.9845162,98.2877763,node
Salathai Resort,Tourism/Hotel,7.8971,98.29768,node
Sawasdee Village Resort,Tourism/Hotel,7.821433,98.3008462,node
Phuket Merlin Hotel,Tourism/Hotel,7.8904442,98.3864967,node
Makro,Shopping,8.0199546,98.3342644,node
Home Pro Village,Shopping,7.8247301,98.3392153,node
The Viridian Resort,Tourism/Hotel,7.8905194,98.2959078,node
Dutsadee Worabut,Tourism/Hotel,7.9035923,98.2995514,node
Chanalai Garden Resort,Tourism/Hotel,7.8131179,98.2993405,node
SeaHorse Hotel Phuket,Tourism/Hotel,7.8901406,98.2975891,node
Genesis Gold Villa,Tourism/Hotel,7.7739311,98.3212274,node
Honey Resort,Tourism/Hotel,7.8245548,98.2988338,node
Small Shells,Tourism/Hotel,7.8843856,98.2960562,node
Hotel Sole,Tourism/Hotel,7.8938653,98.3021653,node
feng shui house,Tourism/Hotel,7.8859745,98.3040411,node
Hotel Novotel Phuket Vintage Park Resort,Tourism/Hotel,7.8991433,98.3002722,node
Power Inn,Tourism/Hotel,7.8877609,98.2998246,node
Paksaa Boutique Hotel,Tourism/Hotel,7.8867331,98.2990605,node
The Royal Paradise Hotel & Spa,Tourism/Hotel,7.8952069,98.2990405,node
White Sand Resortel,Tourism/Hotel,7.8978028,98.2970008,node
M-Narina,Tourism/Hotel,7.8817853,98.2932257,node
Arita,Tourism/Hotel,7.8819676,98.2931195,node
Judy,Tourism/Hotel,7.8814923,98.2931974,node
Garden Phuket,Tourism/Hotel,7.881629,98.2933319,node
YK Patong,Tourism/Hotel,7.880984,98.2934186,node
Malin Patong,Tourism/Hotel,7.8814043,98.2924978,node
I Dee,Tourism/Hotel,7.8816869,98.292768,node
The Bluez Eco,Tourism/Hotel,7.8249838,98.3008596,node
FamilyMart,Shopping,7.821263,98.2997584,node
Kata Silver Sun,Tourism/Hotel,7.8196619,98.3003377,node
FamilyMart,Shopping,7.8180362,98.3006468,node
Kata Pool Side Resort,Tourism/Hotel,7.816865,98.301043,node
Romantica Resort,Tourism/Hotel,7.8193148,98.3002919,node
999 Minimart,Shopping,7.818536,98.3004123,node
999 Minimart,Shopping,7.8161705,98.3000201,node
Jinta Andaman,Tourism/Hotel,7.8233721,98.3005892,node
Ascot Boutique Hotel,Tourism/Hotel,7.8231623,98.3003592,node
Capannina Inn,Tourism/Hotel,7.8230937,98.2999594,node
Glitter house,Tourism/Hotel,7.8231279,98.3001763,node
Pit Stop Guest House,Tourism/Hotel,7.8231492,98.3002881,node
Smile House Kata,Tourism/Hotel,7.8231394,98.300245,node
The Retro Siam,Tourism/Hotel,7.8231689,98.3003849,node
Sugar Marina Surf,Tourism/Hotel,7.8244757,98.2990936,node
Bamboo Mart,Shopping,7.8259282,98.2969463,node
Beyond Resort Karon,Tourism/Hotel,7.8293362,98.2950693,node
Sunprime Kamala Beach,Tourism/Hotel,7.9524508,98.2845619,node
The Tint @ Phuket Town,Tourism/Hotel,7.886876,98.3921715,node
By the Sea,Tourism/Hotel,7.8180346,98.3852487,node
Blue Canyon Country Club,Tourism/Hotel,8.1065555,98.3344951,node
Chain of love,Tourism/Hotel,7.912258,98.3680743,node
House & Home,Shopping,7.8770059,98.3634087,node
King Power duty free mall,Shopping,7.8738025,98.3636124,node
Novotel Karon Beach,Tourism/Hotel,7.853852,98.2927137,node
Karon Cliff,Tourism/Hotel,7.8604351,98.288616,node
Patong Grand Villa,Tourism/Hotel,7.8753958,98.2889319,node
Secret Cliff Resort,Tourism/Hotel,7.8609471,98.2842367,node
Tops,Shopping,7.8862831,98.391817,node
Thavorn,Tourism/Hotel,7.8829248,98.3900075,node
The Blanket Hotel,Tourism/Hotel,7.8810764,98.3921459,node
Phuket airport hotel,Tourism/Hotel,8.1009306,98.3065115,node
Ocean & Ole,Tourism/Hotel,7.8921156,98.3017489,node
Nipa Resort,Tourism/Hotel,7.8956892,98.3022686,node
T-Terrace Guesthouse,Tourism/Hotel,7.8896619,98.296165,node
24 Hours,Shopping,7.7881143,98.3302649,node
jira house,Tourism/Hotel,7.9158894,98.374441,node
FamilyMart,Shopping,7.8526041,98.3471203,node
Two Villas Holiday,Tourism/Hotel,7.7918923,98.3195215,node
The Kiri Villas Resort,Tourism/Hotel,8.0142167,98.3268892,node
Baan Chayna Lounge Resort,Tourism/Hotel,7.9809558,98.2875849,node
Bella Tropicana Hotel and Guesthouse,Tourism/Hotel,7.8861505,98.3024784,node
khao rang place hôtel,Tourism/Hotel,7.8903618,98.3822494,node
The Blue Pearl,Tourism/Hotel,7.8245956,98.2978747,node
le Piman Resort,Tourism/Hotel,7.7907054,98.3301874,node
Bamboo House,Tourism/Hotel,7.8484793,98.2958352,node
Jiraporn (J.R.P.) Hill resort,Tourism/Hotel,7.8812001,98.2998197,node
Forest Patong Hotel,Tourism/Hotel,7.9013327,98.3080029,node
Nook Dee Kata Beach Resort,Tourism/Hotel,7.8117416,98.3014197,node
The village Resort & Spa,Tourism/Hotel,7.8540784,98.2940828,node
Tuana my friend house resort 3*,Tourism/Hotel,7.8410322,98.3020524,node
Sugar Palm resort,Tourism/Hotel,7.8165696,98.3017408,node
Benjamin Resort,Tourism/Hotel,7.9500878,98.2797199,node
Jurana Patong Phuket,Tourism/Hotel,7.8853244,98.2821363,node
บ้านตีลังกา,Tourism/Hotel,7.9384404,98.3796245,node
Avista Hideaway Resort and Spa,Tourism/Hotel,7.8781244,98.277151,node
Thalang Fresh Market,Shopping,8.0258924,98.3314153,node
Nok's house,Tourism/Hotel,7.9109946,98.3361384,node
Patong Central Residence & Apartment,Tourism/Hotel,7.8893876,98.2963841,node
Nap Pathong,Tourism/Hotel,7.9003468,98.2988683,node
Phuket Marathon,Tourism/Hotel,7.9983667,98.298279,node
Tops,Shopping,7.7953757,98.3155553,node
Chivatara Resort,Tourism/Hotel,7.9840093,98.285023,node
Phuket airport bread and breakfast,Tourism/Hotel,8.099395,98.3126888,node
Sira Boutique Residence,Tourism/Hotel,7.9017067,98.3073132,node
Surin Beach Resort,Tourism/Hotel,7.9715618,98.2782854,node
Chabana Kamala Hotel,Tourism/Hotel,7.9487493,98.2832443,node
Patong Marina Hotel,Tourism/Hotel,7.899969,98.2971835,node
Sino Inn Phuket Hotel,Tourism/Hotel,7.8880575,98.3805064,node
Island View,Tourism/Hotel,7.8344828,98.2973297,node
Phuket Blue Hostel,Tourism/Hotel,7.883472,98.3918709,node
Burasari Phuket,Tourism/Hotel,7.8879048,98.293116,node
Patong Merlin Hotel,Tourism/Hotel,7.8871225,98.2925515,node
Thai Palace Resort,Tourism/Hotel,7.7749852,98.3259765,node
Access Resort and Villa,Tourism/Hotel,7.843331,98.3011755,node
Daonairoi phuket,Education,7.8778124,98.385608,node
Sila apartments,Tourism/Hotel,7.9801068,98.2997753,node
Chalong Beach Hotel & Spa,Tourism/Hotel,7.8101701,98.3395461,node
7Days Premium Hotel Patong Phuket,Tourism/Hotel,7.8938333,98.3053531,node
Villa Market,Shopping,7.8240735,98.3397772,node
iSpeak international language school,Education,7.8682382,98.3569,node
เมืองเก่าภูเก็ต,Tourism/Hotel,7.8847774,98.3892206,node
Hôtel Smaïn,Tourism/Hotel,7.8813818,98.2995572,node
Sira Residence Hotel,Tourism/Hotel,7.9016452,98.3073397,node
kajonkietpattana school,Education,7.8707628,98.3600427,node
ภูเก็ตเรดดี้มิก,Tourism/Hotel,7.9190275,98.3946972,node
โรงแรมอาร์ซีบีป่าตอง,Tourism/Hotel,7.8916357,98.3006747,node
Local market,Shopping,7.824472,98.3019911,node
ดาราสมุทรภูเก็ต,Education,7.8897145,98.3689547,node
Kata On Sea Bungalow,Tourism/Hotel,7.8274008,98.298071,node
Palm Building,Tourism/Hotel,7.8362752,98.2995622,node
Karon Sea Breeze,Tourism/Hotel,7.8486363,98.2946595,node
Karon Sea Breeze Beach,Tourism/Hotel,7.8486654,98.2940742,node
The Sleepers,Tourism/Hotel,7.7915185,98.3174937,node
On Hill Residence,Tourism/Hotel,7.8822533,98.3007241,node
On Hill Residence Patong Phuket,Tourism/Hotel,7.8805349,98.3002037,node
Chanalai Flora Resort,Tourism/Hotel,7.8154951,98.3014909,node
SuperCheap,Shopping,7.8904665,98.3040909,node
24hrs.,Shopping,7.8906088,98.3041116,node
Monkeys,Tourism/Hotel,7.8858187,98.4208421,node
บ้านย่านสะบ้า,Education,8.1544336,98.4347398,node
The Residence Kalim Bay,Tourism/Hotel,7.9113607,98.2957344,node
โรงเรียนบ้านสะปำ,Education,7.9380486,98.3938535,node
Novotel Phokeethra,Tourism/Hotel,7.8784175,98.3944741,node
Dueanphen guesthouse,Tourism/Hotel,7.8217224,98.3418434,node
Cookie house,Tourism/Hotel,7.885842,98.3873273,node
Million Patong Beach Resort,Tourism/Hotel,7.8837181,98.2986949,node
Phuket town inn,Tourism/Hotel,7.8854222,98.3905563,node
Le Fay Airport Residence,Tourism/Hotel,8.1063994,98.3093724,node
B-Lay Tong Phuket,Tourism/Hotel,7.9057085,98.2976948,node
Absolute Bangla Suites,Tourism/Hotel,7.8927111,98.2970185,node
Rico's Hotel,Tourism/Hotel,7.8929007,98.2968706,node
The Elegant Patong,Tourism/Hotel,7.8990387,98.3020104,node
Big One,Shopping,7.89771,98.2999695,node
Sea U,Tourism/Hotel,7.8996792,98.3008636,node
Azzurro Village Hotel,Tourism/Hotel,7.8963299,98.2994802,node
Patong City Hometel,Tourism/Hotel,7.8980821,98.3018804,node
Villa Patong Resort,Tourism/Hotel,7.897612,98.301692,node
Anchor Boutique House,Tourism/Hotel,7.8984223,98.3015118,node
Patong Max Value Hotel,Tourism/Hotel,7.8983773,98.3018686,node
Karon Temple Market,Tourism/Hotel,7.8480156,98.2978062,node
Kinkeaw,Tourism/Hotel,7.8869151,98.3024763,node
Dreamy Villa Kata Beach,Tourism/Hotel,7.8162796,98.3022174,node
PHUKET KATA RESORT,Tourism/Hotel,7.8168663,98.3026962,node
Sugar Marina Resort,Tourism/Hotel,7.8162472,98.3015745,node
กะตะวิวพอยท์ รีสอร์ท,Tourism/Hotel,7.8163257,98.3034376,node
Metadee Resort Phuket,Tourism/Hotel,7.8189584,98.3040944,node
Centara Kata Resort Phuket,Tourism/Hotel,7.8218295,98.2997054,node
Casa de Coral Boutique Hotel,Tourism/Hotel,7.8225152,98.2991155,node
BAANNUENG @ KATA,Tourism/Hotel,7.8220032,98.3018349,node
idspa Kata Beach Phuket,Tourism/Hotel,7.8241539,98.297766,node
Sugar Inn Phuket,Tourism/Hotel,7.8237915,98.2980323,node
Outdoor Inn & Restaurant,Tourism/Hotel,7.824136,98.2981698,node
Dome Center - Kata Beach,Tourism/Hotel,7.8237633,98.2989829,node
Oh Inspire Hotel Kata,Tourism/Hotel,7.8235724,98.3013162,node
Wonderful pool house at Kata,Tourism/Hotel,7.8235054,98.301131,node
The Charm Hotel,Tourism/Hotel,7.8232638,98.3009645,node
Kata Blue Sea Resort,Tourism/Hotel,7.8238204,98.3007064,node
Kata Residence,Tourism/Hotel,7.8231379,98.3017865,node
Rama Kata Beach Hotel,Tourism/Hotel,7.8233732,98.3023411,node
Sugar Palm Grand Hillside,Tourism/Hotel,7.8142148,98.3006597,node
The Heights Phuket,Tourism/Hotel,7.8134916,98.3015458,node
Katamanda Luxury Villas,Tourism/Hotel,7.8118065,98.2999901,node
Baan Kata Villas,Tourism/Hotel,7.812819,98.2968572,node
Orchidacea Resort,Tourism/Hotel,7.8120327,98.2986838,node
"Villa Amanzi, G2 Katamanda Villas",Tourism/Hotel,7.8102846,98.2985426,node
Kata Gardens Apartments,Tourism/Hotel,7.8111175,98.2977347,node
Mom Tri's Villa Royale Hotel,Tourism/Hotel,7.8101373,98.2972427,node
Seaview Residence(ซีวิวเรสซิเดนส์),Tourism/Hotel,7.8099381,98.2996345,node
Kata Noi Resort,Tourism/Hotel,7.807299,98.3006619,node
FOTO HOTEL PHUKET,Tourism/Hotel,7.8113532,98.3012393,node
Katanoi Club Hotel,Tourism/Hotel,7.8048019,98.2999879,node
The Shore At Katathani,Tourism/Hotel,7.8031138,98.2993158,node
The Peaks Residence Kata noi,Tourism/Hotel,7.8080289,98.3021823,node
Kata Beach Studio,Tourism/Hotel,7.8155087,98.304228,node
Gold Queen House,Tourism/Hotel,7.8155453,98.3037582,node
Aloha Residence,Tourism/Hotel,7.8155393,98.3050201,node
Natalie Resort,Tourism/Hotel,7.8162983,98.3026756,node
Kata View Point Resort,Tourism/Hotel,7.8162042,98.3034419,node
Casa E Mare Hotel Phuket,Tourism/Hotel,7.8155624,98.3046804,node
Palmery Resort & Spa,Tourism/Hotel,7.8165551,98.3065192,node
Kata Helmet & Appartments,Tourism/Hotel,7.8168466,98.3078603,node
Fool's Paradise Apartment,Tourism/Hotel,7.8174055,98.3076027,node
Pure & Pam Village,Tourism/Hotel,7.8190372,98.3066597,node
"Kanchanalai Co., Ltd.",Tourism/Hotel,7.8168522,98.3062748,node
ห้างหุ้นส่วนจำกัด กะตะ ซัน บีช,Tourism/Hotel,7.8175239,98.3061824,node
Kata Ocean View Residences,Tourism/Hotel,7.8191677,98.3128984,node
VILLA GINBORN,Tourism/Hotel,7.8181153,98.3129162,node
PATHAYA PLACE KATA HOTEL,Tourism/Hotel,7.8181871,98.3114433,node
The View Phuket by Resava,Tourism/Hotel,7.8243455,98.3037276,node
Baan Kongdee Sunset,Tourism/Hotel,7.8281229,98.3056055,node
Moutain Sea View Luxury Apartments,Tourism/Hotel,7.8292216,98.3049549,node
Kata Mountain Inn,Tourism/Hotel,7.8295103,98.3016543,node
The Kata Resort,Tourism/Hotel,7.8278472,98.3011858,node
Villa Tona Phuket,Tourism/Hotel,7.8298997,98.3011418,node
Full Moon Beach Resort Phuket,Tourism/Hotel,7.8280778,98.2990291,node
Horizon Karon Beach Resort & Spa,Tourism/Hotel,7.8299104,98.2973741,node
Karon Beach Inn,Tourism/Hotel,7.8498637,98.2951967,node
Sugar Palm Karon Resort,Tourism/Hotel,7.8491985,98.294547,node
Paradise Inn Phuket,Tourism/Hotel,7.848837,98.2944565,node
Sugar Marina Resort - Art,Tourism/Hotel,7.8489428,98.2940365,node
Karon Whale Resort,Tourism/Hotel,7.8493436,98.2941878,node
Rattana Beach Hotel,Tourism/Hotel,7.8486693,98.2952695,node
Unotel Karon Beach,Tourism/Hotel,7.8484019,98.2950784,node
Crystal Beach Hotel,Tourism/Hotel,7.8484801,98.2944152,node
ON Hotel Phuket & Louis' Kitchen,Tourism/Hotel,7.8485705,98.2942542,node
Coral Inn & Coral Restaurant,Tourism/Hotel,7.8488266,98.2936185,node
Ruxxa Design Hotel,Tourism/Hotel,7.8482175,98.2939011,node
Karon Sea Sands Resort,Tourism/Hotel,7.847372,98.2945429,node
Karon Park View,Tourism/Hotel,7.8462351,98.2990833,node
Grand Sunset Hotel,Tourism/Hotel,7.8427303,98.2959406,node
The Old Phuket,Tourism/Hotel,7.8440912,98.2961102,node
Baumancasa Beach Resort,Tourism/Hotel,7.8427236,98.2950661,node
"Phuket Villas, Property, Real Estate, Kata Rock",Tourism/Hotel,7.8131474,98.2963559,node
Sugar Marina Resort - Nautical,Tourism/Hotel,7.8122261,98.2982615,node
Kata Sun Beach,Tourism/Hotel,7.8134263,98.2986834,node
The Boathouse Phuket,Tourism/Hotel,7.8142601,98.2991604,node
Nai Han Beach Lagoon,Tourism/Hotel,7.7825069,98.310335,node
naiharn beach resort,Tourism/Hotel,7.782266,98.3103952,node
SUNSURI PHUKET,Tourism/Hotel,7.7799555,98.3079481,node
Chivitr Health and Rejuvenation,Tourism/Hotel,7.7817496,98.3095354,node
By The Lake Villas,Tourism/Hotel,7.7846505,98.3095707,node
Opal Villa,Tourism/Hotel,7.7850254,98.3072536,node
Sapphire Villa,Tourism/Hotel,7.7855549,98.3069383,node
The Little Art House,Tourism/Hotel,7.7861502,98.3085906,node
Green Villa,Tourism/Hotel,7.7870324,98.3088695,node
Sense of Yanui,Tourism/Hotel,7.7679975,98.3081584,node
Yanui Palm Bungalow,Tourism/Hotel,7.7690925,98.3084744,node
Palmyra Patong Resort Phuket,Tourism/Hotel,7.8983641,98.3007223,node
The Lantern Resorts Patong,Tourism/Hotel,7.892209,98.3002169,node
Chang Club Hotel,Tourism/Hotel,7.8922539,98.3011396,node
Bangkok Residence Hotel,Tourism/Hotel,7.8923444,98.3004364,node
Millennium Resort,Tourism/Hotel,7.8924458,98.2992067,node
Orchid Resortel,Tourism/Hotel,7.892849,98.2999212,node
Patong Hemingway's Hotel,Tourism/Hotel,7.8930774,98.3003191,node
San Sabai Patong Resort,Tourism/Hotel,7.8927504,98.300197,node
M.U Den Patong,Tourism/Hotel,7.8921278,98.301305,node
Patong Buri Resort,Tourism/Hotel,7.891882,98.3008346,node
Tiger Complex Hotel,Tourism/Hotel,7.8912045,98.301143,node
The Aim Patong Hotel,Tourism/Hotel,7.8917754,98.30153,node
Alexander Hotel Patong,Tourism/Hotel,7.8919843,98.3018373,node
The Crib Patong,Tourism/Hotel,7.8920134,98.301573,node
Phoenix Grand Hotel,Tourism/Hotel,7.8918461,98.3023292,node
Hemingways Silk Hotel,Tourism/Hotel,7.8922314,98.3018205,node
Mirage Patong Phuket Hotel,Tourism/Hotel,7.8922586,98.3015852,node
AT Patong Hotel,Tourism/Hotel,7.8916622,98.3020589,node
APK Resort & Spa,Tourism/Hotel,7.8933577,98.3018206,node
Best Western Patong Beach,Tourism/Hotel,7.8926431,98.30173,node
PJ Check-in Mansion,Tourism/Hotel,7.8932572,98.3025693,node
PJ Patong Resortel,Tourism/Hotel,7.8934331,98.3024239,node
BYD Boutique Hotel,Tourism/Hotel,7.8915236,98.2965736,node
Patong Resort,Tourism/Hotel,7.8911613,98.2963077,node
CC Porntip Hotel,Tourism/Hotel,7.889773,98.2977178,node
Amata Resort,Tourism/Hotel,7.890055,98.2970493,node
PL House,Tourism/Hotel,7.889953,98.2966301,node
Lamai Hotel โรงแรมละไม,Tourism/Hotel,7.89019,98.2964169,node
SalaDee Gallery Residence,Tourism/Hotel,7.8901426,98.2965866,node
Limburi Hometel,Tourism/Hotel,7.8903423,98.2965866,node
Baithong Lifestyle Hotel,Tourism/Hotel,7.8902618,98.2967679,node
Tony Resort โทนี่ รีสอร์ท,Tourism/Hotel,7.8901972,98.2957962,node
Patong Terrace Boutique Hotel,Tourism/Hotel,7.889348,98.2958307,node
Baipho Lifestyle Residence Phuket,Tourism/Hotel,7.889674,98.2964917,node
โรงแรมป่าตอง เฮอริเทจ,Tourism/Hotel,7.8892458,98.2966703,node
Phunara Residence,Tourism/Hotel,7.8864203,98.2987392,node
IL Mare Patong Place,Tourism/Hotel,7.8861659,98.2981645,node
Cocoon Islanda Hotel,Tourism/Hotel,7.8851659,98.2979256,node
Alfresco Phuket Hotel,Tourism/Hotel,7.8858834,98.2982163,node
Lavender Hotel Phuket,Tourism/Hotel,7.8854157,98.2971972,node
Hollywood Inn Love,Tourism/Hotel,7.8852613,98.2972339,node
Phuket Paradise Hotel,Tourism/Hotel,7.8852289,98.296247,node
Colora Hotel Phuket,Tourism/Hotel,7.8850162,98.2957244,node
The Yim Siam Hotel,Tourism/Hotel,7.8852962,98.296342,node
Peter Pan,Tourism/Hotel,7.8849909,98.299585,node
The Bliss South Beach Patong,Tourism/Hotel,7.8863627,98.2903516,node
Absolute Sea Pearl Beach Resort,Tourism/Hotel,7.8871228,98.2911403,node
Royal Thai,Tourism/Hotel,7.887041,98.2910211,node
Patong Swiss Hotel Beach Front,Tourism/Hotel,7.8860357,98.2898258,node
The Front Hotel,Tourism/Hotel,7.886281,98.289997,node
LIV Hotel Phuket Patong Beachfront,Tourism/Hotel,7.8857056,98.2887956,node
Patong Signature Boutique Hotel,Tourism/Hotel,7.8858571,98.2890188,node
Seaview Patong Hotel ซีวิวป่าตอง โฮเต็ล,Tourism/Hotel,7.8854937,98.2882606,node
ห้องประชุมดวงจิตร รคสอร์ท,Tourism/Hotel,7.8842734,98.2884685,node
Ramaburin Resorts,Tourism/Hotel,7.8838446,98.29296,node
ZEN Premium Prachanukroh Patong Beach,Tourism/Hotel,7.8840239,98.292616,node
Blue Ocean Resort,Tourism/Hotel,7.8838938,98.2932012,node
Kata Delight,Tourism/Hotel,7.8135019,98.2971256,node
Laem Sai Bungalow,Tourism/Hotel,7.8274131,98.2932718,node
SP House Phuket,Tourism/Hotel,7.8276633,98.295612,node
Karona Resort & Spa,Tourism/Hotel,7.8298351,98.2958683,node
Sai Rougn Residence สายรุ้งเรสสิเด้นท์,Tourism/Hotel,7.8788318,98.2944538,node
Baan Yuree Resort & Spa,Tourism/Hotel,7.8785639,98.2941315,node
Patong Hills,Tourism/Hotel,7.8795128,98.2944042,node
Sweet Dreams,Tourism/Hotel,7.879761,98.2920609,node
Star Hotel Patong,Tourism/Hotel,7.8806053,98.2933061,node
C&N Resort and Spa,Tourism/Hotel,7.8806226,98.2943009,node
Baantonsai Garden Resort,Tourism/Hotel,7.8816169,98.2945086,node
Club Bamboo Boutique Resort & Spa คลับแบมบูล บูติก รีสอร์ท,Tourism/Hotel,7.8801491,98.2969991,node
Sun Hill Hotel,Tourism/Hotel,7.8805084,98.2971128,node
Club Bamboo Ananthara Villa ป่าตองพูลวิลล่า,Tourism/Hotel,7.8788546,98.2985114,node
Supattra Village สุพัตรา วิลเลจ,Tourism/Hotel,7.8801794,98.2996477,node
Baan Veerakit Guesthouse & Bungalow,Tourism/Hotel,7.8810431,98.2984368,node
Seeka Boutique Resort,Tourism/Hotel,7.8810268,98.2979667,node
Coco Resort Patong,Tourism/Hotel,7.8816696,98.2977192,node
Calypso,Tourism/Hotel,7.881938,98.2996921,node
Hotel Colosseum Patong,Tourism/Hotel,7.8816371,98.2995227,node
Natural Mystic Patong Residence,Tourism/Hotel,7.8823606,98.3005969,node
Mochic Nanai,Tourism/Hotel,7.8824212,98.3004768,node
Andaman Villa Resort,Tourism/Hotel,7.8822785,98.3012048,node
Golden Palms Golden Palms Residence,Tourism/Hotel,7.8832797,98.3001806,node
BAAN PHUREENUT,Tourism/Hotel,7.8833429,98.302065,node
blue light residence,Tourism/Hotel,7.8845741,98.3019965,node
Patong Ocean View Resort,Tourism/Hotel,7.8814649,98.3010174,node
Patong Grand Condotel ป่าตองแกรนด์คอนโดเทล,Tourism/Hotel,7.9000509,98.3022875,node
Paradise Beach Resortel,Tourism/Hotel,7.9015981,98.3050039,node
Patong Palace Hotel,Tourism/Hotel,7.9017321,98.3008047,node
Andatel Grandé Patong Phuket Hotel,Tourism/Hotel,7.9014055,98.3006818,node
Thanthip Beach Resort,Tourism/Hotel,7.9017706,98.3001321,node
Andaman Embrace Resort & Spa Patong Phuket,Tourism/Hotel,7.8994006,98.298606,node
Holiday Inn Express Phuket Patong Beach Central,Tourism/Hotel,7.899881,98.2975519,node
Shanaya Beach Resort & Spa,Tourism/Hotel,7.8983053,98.2971251,node
Silver Resortel,Tourism/Hotel,7.8977544,98.2973903,node
The Minotel,Tourism/Hotel,7.8974278,98.299285,node
Thai Friend House,Tourism/Hotel,7.8975174,98.2970734,node
Sunshine Home,Tourism/Hotel,7.897479,98.2973062,node
Thara Patong Beach Resort & Spa,Tourism/Hotel,7.8968065,98.2966531,node
Chanatip Guest House,Tourism/Hotel,7.896307,98.2988063,node
Jintana,Tourism/Hotel,7.8957239,98.2981469,node
Diamond Cliff Resort & Spa,Tourism/Hotel,7.9092336,98.2977152,node
Patong Lodge Hotel,Tourism/Hotel,7.9102032,98.2966717,node
L'Orchidée Residences,Tourism/Hotel,7.9082453,98.2997662,node
Seven Seas Hotel Отель,Tourism/Hotel,7.9070817,98.2983768,node
Patong Paragon Resort & SPA,Tourism/Hotel,7.9065025,98.2978011,node
Baramee Resortel,Tourism/Hotel,7.9059552,98.2993246,node
Le Tong Beach,Tourism/Hotel,7.9067788,98.2979566,node
The Charm Resort Phuket,Tourism/Hotel,7.9046029,98.2980796,node
Malee Blue Hotel,Tourism/Hotel,7.9133767,98.294953,node
Swiss Villas Panoramic,Tourism/Hotel,7.9054226,98.3016327,node
The Deck Patong Phuket,Tourism/Hotel,7.902726,98.302559,node
P.S 2 Resort,Tourism/Hotel,7.903082,98.3011481,node
Sea Front Home,Tourism/Hotel,7.902014,98.3009604,node
Tune Hotel - Patong,Tourism/Hotel,7.9012913,98.2999671,node
Siam Palm Residence,Tourism/Hotel,7.9005793,98.2997954,node
Ocean Plaza,Shopping,7.8776307,98.3930627,node
Sea Pearl Villas & Spa Resort,Tourism/Hotel,7.9048476,98.3135165,node
T-Villa Phuket,Tourism/Hotel,8.0923477,98.3069608,node
Glam Habitat Hotel,Tourism/Hotel,7.9558219,98.2844412,node
อันมิวเรสซิเด้น,Tourism/Hotel,7.8709382,98.3763795,node
Game Space,Shopping,7.893545,98.2971576,node
Водопад,Tourism/Hotel,7.8235939,98.3899932,node
The Three by APK,Tourism/Hotel,7.8982346,98.3033325,node
Family market,Shopping,7.8858833,98.2938366,node
เฟมมิลิมารท์ 24 hr,Shopping,7.9009829,98.3405405,node
JJW House,Tourism/Hotel,8.1014828,98.3087352,node
Memorial boat,Tourism/Hotel,7.8521904,98.292577,node
Lae Lay Siutes Hotel Karon,Tourism/Hotel,7.8301396,98.3020361,node
Palm Patong Resort,Tourism/Hotel,7.8810164,98.2929101,node
เอพอร์ตโฮทเทล,Tourism/Hotel,8.1085728,98.3102062,node
ทางแยกธนาคารชาร์เตอร์,Tourism/Hotel,7.8836009,98.3908501,node
มีนาเทล,Tourism/Hotel,7.9000687,98.2993813,node
тай рай хом,Tourism/Hotel,8.0002746,98.3003157,node
The Nai Harn,Tourism/Hotel,7.7785621,98.3025956,node
24 Super Cheap,Shopping,7.9440739,98.2794116,node
Snooze Inn Phuket,Tourism/Hotel,8.0536273,98.4089422,node
Must Sea Hotel,Tourism/Hotel,7.8251002,98.2972492,node
บูมเมอร์แรงอินน์,Tourism/Hotel,7.9000276,98.2996541,node
Water forest Chulang,Tourism/Hotel,8.0210139,98.4101463,node
Famaly Mart,Shopping,7.8495504,98.2951211,node
Sukcheewa Residence Phuket,Tourism/Hotel,7.8797556,98.2925564,node
Slowlife Beach,Tourism/Hotel,8.0927235,98.3030379,node
Fruit Paradise Hotel,Tourism/Hotel,7.8841645,98.2963392,node
Maikhao Palm Beach Resort,Tourism/Hotel,8.1287489,98.3010146,node
Porterhouse Beach Hotel Patong,Tourism/Hotel,7.9070292,98.2981556,node
Super Cheap,Shopping,7.8253614,98.4005685,node
Ark Building,Tourism/Hotel,7.8360897,98.3004089,node
Pine Building,Tourism/Hotel,7.8358151,98.2995577,node
Monkey feed point,Tourism/Hotel,7.9014607,98.4163437,node
SuperCheap,Shopping,8.1290455,98.3083223,node
Super Cheap,Shopping,7.8279793,98.3012622,node
88 Hotel Phuket,Tourism/Hotel,7.8890469,98.3036947,node
Darasamuth School,Education,7.8897315,98.3688653,node
Cape Panwa Hotel,Tourism/Hotel,7.8074178,98.409108,node
Mook Anda Hotel,Tourism/Hotel,7.8754646,98.3889361,node
Piano Residence,Tourism/Hotel,7.8751859,98.3883733,node
Le Residence,Tourism/Hotel,7.874944,98.3882371,node
Twin Inn,Tourism/Hotel,7.8744619,98.3891024,node
Sarita Mansion,Tourism/Hotel,7.8743305,98.3886299,node
2Day Inn,Tourism/Hotel,7.8749072,98.3885662,node
9 Motel Inn,Tourism/Hotel,7.8750457,98.3886459,node
Happy Mountain Airport Resort,Tourism/Hotel,8.0948455,98.318545,node
PKL Residence,Tourism/Hotel,7.8859856,98.2976048,node
Room Hotel @ Phuket Airport,Tourism/Hotel,8.1053685,98.3086217,node
Memory Boutique Patong,Tourism/Hotel,7.8849096,98.2959196,node
Memory 2,Tourism/Hotel,7.8849775,98.2960315,node
Beds Patong,Tourism/Hotel,7.8948159,98.3043039,node
Beyond,Tourism/Hotel,7.8974344,98.2974728,node
The Palms Kamala,Tourism/Hotel,7.9501634,98.2814191,node
Kamala Beach Plaza,Shopping,7.9501778,98.2806391,node
The Little Moon Residence,Tourism/Hotel,7.8785302,98.2908697,node
Ritsurin Hotel,Tourism/Hotel,7.8891276,98.385841,node
Kamala 555,Tourism/Hotel,7.9505896,98.2813681,node
Princess Kamala,Tourism/Hotel,7.950945,98.2824686,node
Hilton Phuket Arcadia Resort & Spa,Tourism/Hotel,7.838399,98.2996385,node
Kamala Dreams,Tourism/Hotel,7.9505339,98.2807562,node
Baan Napatr,Tourism/Hotel,7.9764621,98.2926504,node
Shine Spa,Tourism/Hotel,7.8132378,98.3893656,node
FamilyMart,Shopping,7.8125891,98.3889885,node
X10 Suites,Tourism/Hotel,7.8142307,98.3866172,node
Dream Sea Pool Villa,Tourism/Hotel,7.8155469,98.3862564,node
Davina Beach Homes,Tourism/Hotel,7.8137334,98.3867509,node
My Beach Resort,Tourism/Hotel,7.8159536,98.3861099,node
The Cove,Tourism/Hotel,7.8145356,98.3959128,node
Bandara Villas Phuket,Tourism/Hotel,7.8132063,98.3910366,node
Lucky Patong Hotel,Tourism/Hotel,7.8848791,98.3028588,node
Centara Grant,Tourism/Hotel,7.8560227,98.2912574,node
Nest Resort,Tourism/Hotel,7.8829796,98.2996076,node
7-eleven,Shopping,7.9222032,98.3703768,node
De Blue Sea Rawai Blue Bay,Tourism/Hotel,7.793229,98.3307879,node
Le Thalassa kata,Tourism/Hotel,7.8233992,98.3012015,node
ห้างโอเซียนซ๊อปปิ้งมอลล์,Shopping,7.8783077,98.3941774,node
Tops,Shopping,7.9084781,98.3521531,node
Baan suan,Tourism/Hotel,8.0572729,98.3101766,node
The Marina,Tourism/Hotel,7.899486,98.303741,node
7-Eleven,Shopping,7.8421206,98.3765217,node
Elephant riding,Tourism/Hotel,7.8227084,98.3320375,node
Coconut village resort,Tourism/Hotel,7.8845955,98.2925547,node
Baan Mae Ying Bungalows & Luxury Glamping Tents,Tourism/Hotel,7.9870376,98.3495884,node
l'esprit the Naiyang Resort,Tourism/Hotel,8.0831893,98.2935753,node
Central,Shopping,7.8924048,98.2978693,node
GreenMart,Shopping,7.8340252,98.2952909,node
HELEX,Education,7.8873909,98.3932633,node
Grand Supicha City Hotel,Tourism/Hotel,7.8884183,98.3970341,node
Anubian Phuket School,Education,7.8887287,98.3958593,node
Hippo,Shopping,7.8270325,98.2965013,node
ночной рынок,Shopping,7.8982239,98.3030067,node
Deevana Patong Resort and Spa,Tourism/Hotel,7.9009113,98.3023752,node
The Inn,Tourism/Hotel,7.8908542,98.3085731,node
Maphrao Resotr,Tourism/Hotel,7.9550815,98.2830215,node
JR Siam Kata Resort,Tourism/Hotel,7.8255536,98.3006468,node
Maikhao hotel,Tourism/Hotel,8.1352384,98.3064141,node
Porto de Phuket,Shopping,7.991313,98.3062464,node
Breezotel,Tourism/Hotel,7.8844317,98.2974919,node
Tops Food Hall,Shopping,7.991527,98.305016,node
Hotel Veloche group,Tourism/Hotel,7.8359158,98.3007889,node
Elephant Village,Tourism/Hotel,7.793095,98.3050252,node
Journeyhub,Tourism/Hotel,7.9018469,98.3048283,node
Ban na bon Schule,Education,7.8539621,98.3556627,node
Naiyang national Park,Tourism/Hotel,8.1023562,98.3001543,node
Arun Phuket Residents,Tourism/Hotel,8.0956168,98.3099307,node
Prima Marketplace,Shopping,7.8483075,98.2947346,node
Marriott's Phuket Beach Club,Tourism/Hotel,8.1662579,98.2946903,node
Jw Marriott Phuket Resort and Spa,Tourism/Hotel,8.1661545,98.2952039,node
Turtle Village,Shopping,8.1692186,98.2962525,node
Marriott's Mai Khao Beach - Phuket,Tourism/Hotel,8.1704524,98.2961089,node
Anantara Mai Khao Phuket Villas,Tourism/Hotel,8.1684627,98.2956927,node
"Phuket Marriott Resort & Spa, Merlin Beach",Tourism/Hotel,7.8834899,98.2724533,node
beHOME,Tourism/Hotel,8.1001968,98.3042698,node
Sirikul Mansion,Tourism/Hotel,8.1036094,98.3086081,node
Sanuk Bungalows,Tourism/Hotel,7.7772669,98.3185112,node
Himmapana Villas - Terraces,Tourism/Hotel,7.9447897,98.2922851,node
Anantara Layan Phuket Resort,Tourism/Hotel,8.0356405,98.2845141,node
Patong Language School,Education,7.901902,98.3048398,node
โรงแรม สิเหน่ ภูเก็ต ลักซ์ชัวรี่,Tourism/Hotel,7.8722347,98.4317786,node
The Nature,Tourism/Hotel,7.9152839,98.2929871,node
Kantary Bay Hotel Phuket,Tourism/Hotel,7.8053126,98.406577,node
Tops,Shopping,7.9023321,98.3781549,node
Treville Phuket,Tourism/Hotel,8.0492126,98.2775789,node
La Green Hotel and Residence,Tourism/Hotel,8.0289168,98.29517,node
Lotus Gardens,Tourism/Hotel,8.0298002,98.2952558,node
Layan Residences by Anantara,Tourism/Hotel,8.0371876,98.2837887,node
Pullman Phuket Arcadia Naithon Beach,Tourism/Hotel,8.0634299,98.276471,node
Zenseana,Tourism/Hotel,7.9050611,98.3003187,node
Anantara Vacation Club Mai Khao,Tourism/Hotel,8.1662015,98.2973735,node
Fish market (touristic prices),Shopping,7.7722917,98.3216562,node
Mini bigC,Shopping,7.7950382,98.3262331,node
LevelUp,Education,7.7921213,98.3195996,node
Le Resort & Villa,Tourism/Hotel,7.7935098,98.3155691,node
โรงแรมรุ่งระวี ฟอเรสท์ ภูเก็ต,Tourism/Hotel,7.8993501,98.3842109,node
Toma Chinese School,Education,7.8960028,98.3873491,node
Ratchaphruek University,Other,7.8980585,98.3901565,node
Cat Story,Tourism/Hotel,7.8843456,98.2962059,node
โรงแรมภูคีตา,Tourism/Hotel,7.9097369,98.3915781,node
Anubaan Tessaban Muang Patong School,Education,7.8970651,98.3017326,node
The Bird Cage,Tourism/Hotel,7.8963524,98.2987098,node
My Hotel,Tourism/Hotel,7.8963717,98.2984952,node
Cashew store,Tourism/Hotel,7.8606502,98.3543896,node
Sri Panwa,Tourism/Hotel,7.802076,98.4108554,node
The Pavilions Phuket,Tourism/Hotel,8.0228101,98.3017026,node
Andara Signature Villas,Tourism/Hotel,7.9441537,98.2642049,node
Goodday Kathu,Tourism/Hotel,7.9126999,98.3322356,node
Welcome inn Villa,Tourism/Hotel,7.8194897,98.3374473,node
B&B NAMO PHUKET,Tourism/Hotel,7.9137317,98.3353546,node
Royal Vista Hotel,Tourism/Hotel,7.9019772,98.3006756,node
OYO 1154 Naiyang House,Tourism/Hotel,8.0932415,98.3054134,node
Reef snorkelling,Tourism/Hotel,7.7588226,98.3139773,node
Reef snorkelling,Tourism/Hotel,8.0519548,98.275576,node
Reef snorkelling,Tourism/Hotel,7.7665134,98.3054334,node
Siam Villas Phuket,Tourism/Hotel,7.8539542,98.345012,node
Porto de Phuket,Tourism/Hotel,7.9915865,98.3053815,node
Amazing villa,Tourism/Hotel,7.8383623,98.3265862,node
Baanbangtong,Education,7.898141,98.3394876,node
Panwaburi Beachfront Resort,Tourism/Hotel,7.8149164,98.3946586,node
Maya hotel,Tourism/Hotel,8.1013148,98.3048036,node
Naiyang beach hotel,Tourism/Hotel,8.0922895,98.3021907,node
B's airport hotel,Tourism/Hotel,8.1012521,98.3050318,node
DARA,Tourism/Hotel,7.8877102,98.3681729,node
East Marine Asia,Shopping,7.9610037,98.385538,node
호텔,Tourism/Hotel,7.8818626,98.3926695,node
Fantasy Hill Bungalow,Tourism/Hotel,7.8270757,98.2969847,node
Two Chefs Inn,Tourism/Hotel,7.81382,98.2992948,node
Jono X Phuket Karon,Tourism/Hotel,7.8505677,98.294617,node
Ruentai Boutique,Tourism/Hotel,8.1001012,98.309535,node
Wyndham,Tourism/Hotel,7.8941587,98.2986586,node
Intelligent quotient language school,Education,7.8227415,98.3388275,node
Deva Chalong language school,Education,7.8327531,98.3460511,node
tefl language school (Chalong),Education,7.8269004,98.3434472,node
CP Fresh Mart,Shopping,7.823296,98.3420342,node
Six Pack Cottage,Tourism/Hotel,7.850443,98.346862,node
Chalong language school,Education,7.8280097,98.3405736,node
LA Language School Phuket,Education,7.8518994,98.3355602,node
Areeka Mahokkanee,Tourism/Hotel,8.0040565,98.3086076,node
Black Dragon Inn,Tourism/Hotel,7.8227761,98.3387445,node
STAY Wellbeing & Lifestyle Resort,Tourism/Hotel,7.8106214,98.3301708,node
Surin Bay Inn,Tourism/Hotel,7.976217,98.280362,node
Le Desir Resortel Chalong Bay Phuket,Tourism/Hotel,7.8224719,98.3405253,node
Daeng Plaza Hotel,Tourism/Hotel,7.8823715,98.3917998,node
Language Gallery Plaza School,Education,7.8498418,98.3537376,node
New panda language school,Education,7.8500642,98.3538866,node
Patong Beach,Tourism/Hotel,7.8938914,98.2949613,node
Alpha Language School,Education,7.8457172,98.3396472,node
Turtle Bay,Tourism/Hotel,7.8130375,98.3982288,node
Charcoal Panwa Beach,Tourism/Hotel,7.8136109,98.4012693,node
The Cape,Tourism/Hotel,7.8068492,98.4079998,node
Elephant bathing,Tourism/Hotel,7.8321443,98.3219491,node
Kata Pool Villa,Tourism/Hotel,7.8184789,98.3102523,node
Reach hotel,Tourism/Hotel,7.8764506,98.3926859,node
Kata Green Beach Hotel,Tourism/Hotel,7.8249476,98.2975313,node
Elephant,Tourism/Hotel,7.7937901,98.3073,node
Elephant. Feed and interact 800.,Tourism/Hotel,7.9108698,98.4339469,node
Reef snorkeling,Tourism/Hotel,8.0440168,98.2761293,node
Crane Swing,Tourism/Hotel,7.8651094,98.3998066,node
จุดให้อาหารลิง,Tourism/Hotel,7.8938054,98.3795087,node
Deva Language School,Education,7.8417414,98.3350034,node
Carnival Magic,Tourism/Hotel,7.9582015,98.2869821,node
Sea Beach Inn,Tourism/Hotel,7.8481089,98.2934118,node
Panphuree Residence - SHA,Tourism/Hotel,8.1013211,98.3088634,node
Good Start,Education,7.981943,98.3531014,node
Wooden House,Tourism/Hotel,8.0286141,98.3287667,node
Patong Gate Language School,Education,7.8967838,98.3097327,node
The Trend Kamala Hotel,Tourism/Hotel,7.9515429,98.291451,node
Reef snorkeling,Tourism/Hotel,8.0413894,98.2751452,node
Phuket Kata Resort,Tourism/Hotel,7.8167186,98.301531,node
Grader,Tourism/Hotel,7.8649702,98.3999734,node
Pure Hotel Residence,Tourism/Hotel,7.8782969,98.3818105,node
Top Inn Garden,Tourism/Hotel,7.9935427,98.3757164,node
"Fire show in a Tann restaurant after sunset, view from the beach",Tourism/Hotel,7.8302298,98.2944494,node
The Color Kata,Tourism/Hotel,7.8212392,98.3007419,node
Kata Forte Resort,Tourism/Hotel,7.8215113,98.3012583,node
Montana,Tourism/Hotel,7.8499185,98.294917,node
Hotel De Karon,Tourism/Hotel,7.849707,98.2954349,node
Aspery,Tourism/Hotel,7.8998893,98.2991804,node
Paradox Resort Phuket,Tourism/Hotel,7.8458327,98.2968982,node
Phuket FantaSea,Tourism/Hotel,7.9566955,98.2861028,node
Phuket Big Buddha,Tourism/Hotel,7.8276793,98.3132426,node
Hi Karon,Tourism/Hotel,7.8334912,98.2970433,node
สะพานไม้หาดในทอน,Tourism/Hotel,8.0545123,98.2782242,node
Sunwing Kamala Beach,Tourism/Hotel,7.9519571,98.2843978,node
Casa Bella Hotel,Tourism/Hotel,7.8274673,98.3402656,node
Unotel,Tourism/Hotel,7.8485313,98.2948955,node
BT,Tourism/Hotel,7.8248103,98.2978684,node
Grillhütte,Tourism/Hotel,7.8947967,98.2963317,node
English Fan Club,Education,7.9021355,98.3788387,node
Katathani Phuket Beach Resort,Tourism/Hotel,7.8076629,98.2992504,node
Trisara,Tourism/Hotel,8.0350089,98.2772956,node
Pullman Phuket Karon Beach Resort,Tourism/Hotel,7.8387377,98.2964504,node
Malaiwana Resort & Villas,Tourism/Hotel,8.0539866,98.2790835,node
The Surin,Tourism/Hotel,7.9810172,98.2779911,node
Novotel Hotel & Resort Phuket Surin,Tourism/Hotel,7.978346,98.2817535,node
Absolute Twin Sands Resort & Spa,Tourism/Hotel,7.8833887,98.2739783,node
Nakalay Resort Kamala,Tourism/Hotel,7.9459882,98.2689658,node
"The Crystal Beach Hotel, Patong",Tourism/Hotel,7.8889515,98.2951021,node
Villas Paradiso,Tourism/Hotel,8.0537262,98.2795185,node
Local Hotel,Tourism/Hotel,7.894261,98.2981762,node
Laya Resort Phuket Island,Tourism/Hotel,8.0295822,98.2940815,node
Newly Opened - Blu Monkey Hub and Hotel Bangtao,Tourism/Hotel,7.9964821,98.304327,node
Avista Hideaway Phuket Patong - MGallery,Tourism/Hotel,7.8811027,98.2774545,node
Villa Baan Thap Thim VIPA SEAVIEW VILLA Puket,Tourism/Hotel,7.8847478,98.282188,node
The Bell Airport Phuket Hotel,Tourism/Hotel,8.0881927,98.3060239,node
Oceanstone 3,Tourism/Hotel,7.9966859,98.2993836,node
Ibis Styles Phuket City,Tourism/Hotel,7.8784335,98.3943585,node
Sugar Ohana,Tourism/Hotel,7.8226066,98.298768,node
Wyndham Royal Lee,Tourism/Hotel,8.0965176,98.3045428,node
Villoft Zen Living,Tourism/Hotel,8.0169012,98.304622,node
Ratana Hotel,Tourism/Hotel,7.8602417,98.3807646,node
Hotel Cruiser Island by Swiss Belhotel,Tourism/Hotel,7.7946151,98.3714409,node
Santiphap,Tourism/Hotel,7.8498504,98.3562606,node
Tops,Shopping,7.8783953,98.3863796,node
Snug Airportel,Tourism/Hotel,8.0995008,98.3060597,node
Kamala Villa Hill,Tourism/Hotel,7.950543,98.2981849,node
Finnway International School Phuket,Education,7.9580335,98.3866708,node
Fusion Suites Phuket Patong,Tourism/Hotel,7.9034006,98.3133721,node
Angpao Hotel,Tourism/Hotel,7.9147512,98.3899012,node
Pattra Mansion by AKSARA Collection,Tourism/Hotel,7.8873779,98.3833014,node
Novotel,Tourism/Hotel,7.8790413,98.3950801,node
The Marina Kamala,Tourism/Hotel,7.9606347,98.2862028,node
Super Cheap,Shopping,7.8720375,98.3794769,node
BaanMee,Tourism/Hotel,7.8247005,98.3442165,node
Family Beachfront Bungalow,Tourism/Hotel,7.8125165,98.3896922,node
ตลาดนัดสามกองโบ๊ทพลาซ่า,Shopping,7.9252251,98.3777282,node
Place Residents Hotel,Tourism/Hotel,7.8273541,98.2990483,node
Kamala Resotel,Tourism/Hotel,7.9499677,98.2849018,node
Достопримечательность,Tourism/Hotel,7.8643853,98.320415,node
Sleep at airport,Tourism/Hotel,8.0997704,98.3150672,node
Yenna Apartment,Tourism/Hotel,7.9492425,98.2888628,node
Carpio Hotel,Tourism/Hotel,7.9004696,98.3648653,node
Be Live Residence,Tourism/Hotel,8.0240858,98.3321278,node
"Storm Real Estate, Phuket",Shopping,7.8879832,98.3783157,node
One loft,Tourism/Hotel,7.8267707,98.2965621,node
The Orchid House Kata,Tourism/Hotel,7.8237962,98.3002637,node
La Piccola Kata,Tourism/Hotel,7.8238464,98.3003804,node
Phuket Grocery,Shopping,8.010186,98.3418963,node
Casa DeeDee (Dee Inn),Tourism/Hotel,7.7915357,98.3172132,node
The Beachfront Hotel Phuket,Tourism/Hotel,7.8027493,98.3362025,node
Tops Daily,Shopping,8.1220441,98.3079542,node
Lotus's,Shopping,8.121847,98.3085842,node
Khao Oat airport,Tourism/Hotel,8.1066528,98.3086331,node
The Star House,Tourism/Hotel,7.8808556,98.2935103,node
golf house,Tourism/Hotel,8.101089,98.3097663,node
Niran Farm Stay,Tourism/Hotel,7.9701495,98.3418142,node
โรงเรียน อบจ. บ้านไม้เรียบ,Education,7.9256844,98.3281899,node
6th Avenue Surin Condominium,Tourism/Hotel,7.980162,98.2830781,node
The Coconut Nanai Resort,Tourism/Hotel,7.8857013,98.3021092,node
Pineapple guesthouse,Tourism/Hotel,7.8353653,98.2982882,node
Hotel COCO Phuket Bangtao Beach,Tourism/Hotel,7.9914443,98.2982266,node
Naiyang Place - Phuket Airport,Tourism/Hotel,8.0993548,98.3149344,node
Bangtao Tropical Residence,Tourism/Hotel,7.9815346,98.283322,node
Batikseafood Airport & Room,Tourism/Hotel,8.1051912,98.3144066,node
ถนนบางลา,Tourism/Hotel,7.8936641,98.2965779,way
The Slate,Tourism/Hotel,8.0862993,98.2978337,way
Big C,Shopping,7.8956671,98.3669847,way
Phuket Palace,Tourism/Hotel,7.8803915,98.2926896,way
Lotus’s Samkong Phuket,Shopping,7.9040941,98.3692482,way
dusitD2 Phuket Resort,Tourism/Hotel,7.8873915,98.2940067,way
Pearl Hotel Phuket,Tourism/Hotel,7.8820587,98.3921964,way
Nai Harn Villa,Tourism/Hotel,7.78092,98.3138766,way
Index Livingmall,Shopping,7.8989141,98.3674897,way
Central Phuket Festival,Shopping,7.8919362,98.3677603,way
ดีไซน์สแควร์,Shopping,7.895238,98.3691971,way
Villa Market,Shopping,7.9598561,98.3856612,way
Holiday Inn Resort,Tourism/Hotel,7.8881448,98.2939634,way
Baan Suay,Tourism/Hotel,7.8436539,98.3017183,way
Bamboo Beach Hotel and Spa,Tourism/Hotel,7.9132299,98.2948512,way
Orchid Hotel and Spa,Tourism/Hotel,7.9128394,98.2945237,way
Bella Nara,Tourism/Hotel,8.0889125,98.2991373,way
Maikhao Dream Villa Resort & Spa,Tourism/Hotel,8.135453,98.2997433,way
Surintra Boutique Resort,Tourism/Hotel,7.9791638,98.2806592,way
DoubleTree by Hilton Phuket Banthai Resort,Tourism/Hotel,7.8906365,98.2951011,way
Palm Garden Resort,Tourism/Hotel,7.8185784,98.3412263,way
The Aspasia Phuket,Tourism/Hotel,7.8262827,98.2935281,way
Naka Street food,Tourism/Hotel,7.8804523,98.3662718,way
Rosewood Phuket,Tourism/Hotel,7.8847114,98.2739182,way
ถนนถลาง,Tourism/Hotel,7.8847674,98.3891386,way
The Village Coconut Island,Tourism/Hotel,7.941032,98.4230319,way
พระพุทธมิ่งมงคลเอกเนาคคีรี,Tourism/Hotel,7.8277297,98.3128109,way
Wat Chalong,Tourism/Hotel,7.8462522,98.3370972,way
Red Planet Patong,Tourism/Hotel,7.9012874,98.3002824,way
Airport Beach Hotel,Tourism/Hotel,8.0920993,98.3008181,way
Kokotel,Tourism/Hotel,8.0921954,98.3003615,way
Super Cheap,Shopping,7.8444062,98.3350195,way
Le Meridien Phuket Beach Resort,Tourism/Hotel,7.8662529,98.2831961,way
Dewa,Tourism/Hotel,8.0929722,98.300068,way
Ideo Phuket,Tourism/Hotel,8.0865846,98.2999771,way
Banyan Villa,Tourism/Hotel,7.84187,98.3474203,way
Phuket Snake Show,Tourism/Hotel,7.8623626,98.3451712,way
Phuthai Souvenir Market,Tourism/Hotel,7.8619769,98.3456548,way
Good Day Phuket,Tourism/Hotel,7.8706422,98.3679967,way
PSU Lodge,Tourism/Hotel,7.8939074,98.3518454,way
Zorbing Rollerball,Tourism/Hotel,7.9163998,98.2970325,way
P.S Hotel & Restaurant,Tourism/Hotel,7.8937231,98.2987392,way
Thanyapura Sports Hotel,Tourism/Hotel,8.0491898,98.3545918,way
Lotus's Supermarket,Shopping,7.8398964,98.3334801,way
Patong Boyz Town,Tourism/Hotel,7.895707,98.2996782,way
Peach Blossom Resort,Tourism/Hotel,7.827229,98.2951664,way
Club Med Phuket,Tourism/Hotel,7.8205618,98.2977761,way
New Life Phuket Design,Tourism/Hotel,7.8842781,98.2962974,way
Tuna Casa Hotel,Tourism/Hotel,7.8179631,98.3027591,way
Kamala Tropical Garden,Tourism/Hotel,7.9481758,98.2838632,way
New Life Phuket Classic,Tourism/Hotel,7.8850237,98.2982459,way
Blue Monke,Tourism/Hotel,7.883941,98.3942216,way
Wekata Luxury,Tourism/Hotel,7.8241046,98.2998207,way
The Beach Heights Resort,Tourism/Hotel,7.8241911,98.300036,way
Central Phuket Floresta,Shopping,7.8898206,98.3660728,way
Carting,Tourism/Hotel,7.8231079,98.3337829,way
ไลม์ไลท์ ภูเก็ต,Shopping,7.8866124,98.3920131,way
วงเวียนสุรินทร์,Tourism/Hotel,7.8804126,98.3922187,way
Pacific Club Resort,Tourism/Hotel,7.8570686,98.2958268,way
บีเอ็นบี โฮม ภูเก็ต,Shopping,7.8921376,98.3697767,way
Ibis,Tourism/Hotel,7.9019471,98.2997862,way
Nirvana Hotel,Tourism/Hotel,7.8849119,98.2936612,way
Am Surin Place,Tourism/Hotel,7.9798307,98.280693,way
Chanalai Romantica Resort,Tourism/Hotel,7.8192894,98.3005921,way
Kata Lucky villa,Tourism/Hotel,7.8170135,98.3042052,way
Spice & Sea Resort,Tourism/Hotel,7.819417,98.3015599,way
Kata Sea Breeze Resort,Tourism/Hotel,7.8199257,98.3006008,way
Kata Palace Phuket,Tourism/Hotel,7.8182764,98.3011136,way
Alpina Phuket Nalina Resort & Spa,Tourism/Hotel,7.8210374,98.3029017,way
Kata Place,Tourism/Hotel,7.8174637,98.3084615,way
Golden Sand Inn,Tourism/Hotel,7.8506025,98.293656,way
Ramada by Wyndham Phuket Southsea,Tourism/Hotel,7.8469586,98.2938053,way
Ocean Pie Phuket,Tourism/Hotel,7.7682096,98.3089844,way
The Royal Paradise Hotel & Spa Patong Phuket(Paradise Wing),Tourism/Hotel,7.895085,98.3003458,way
The Royal Paradise Hotel & Spa(เดอะรอยัล พาราไดส์ โฮเทล แอนด์ สปา),Tourism/Hotel,7.8959055,98.3004856,way
Phuket Villa Patong Beach,Tourism/Hotel,7.8930123,98.3021918,way
Hotel Andakira,Tourism/Hotel,7.8941057,98.3027622,way
Yanui Paradise Beach Resort,Tourism/Hotel,7.7697624,98.3125924,way
The Royal Phuket Yacht Club,Tourism/Hotel,7.7785556,98.3026339,way
Super Cheap,Shopping,7.7775873,98.3278526,way
Four Points by Sheraton,Tourism/Hotel,7.9045845,98.2975757,way
Tara Patong Beach Resort,Tourism/Hotel,7.897095,98.2980344,way
Patong Sub Inn,Tourism/Hotel,7.8966618,98.2999372,way
Lamai Guesthouse 2,Tourism/Hotel,7.8785201,98.2914892,way
Azure Phuket,Tourism/Hotel,7.8812833,98.293611,way
The Silk Hill Hotel,Tourism/Hotel,7.8830243,98.3005835,way
Sugar Palm Grand Hillside Reception,Tourism/Hotel,7.8148033,98.3010119,way
The Little Mermaid Resort,Tourism/Hotel,7.8264425,98.2970069,way
Novotel Phuket Kata Avista Resort and Spa,Tourism/Hotel,7.8259192,98.2950034,way
Phuket Hotel Chee Wa,Tourism/Hotel,7.8697232,98.3921232,way
ศูนย์การค้าเอ็กซ์โป ภูเก็ต,Shopping,7.8805757,98.3959593,way
Courtyard by Marriott Phuket Town,Tourism/Hotel,7.8808236,98.3930131,way
Ratana Hill Patong,Tourism/Hotel,7.8964363,98.3115162,way
Phuket airport mainson,Tourism/Hotel,8.1010013,98.3069972,way
Villa Market,Shopping,7.9938438,98.3046223,way
Airport Resort,Tourism/Hotel,8.0942422,98.3076782,way
Proud Phuket hotel,Tourism/Hotel,8.0933312,98.3028124,way
Room Actually,Tourism/Hotel,7.8479936,98.2966821,way
Tesco Lotus,Shopping,7.9860143,98.3012291,way
Sunwing Resort & Spa,Tourism/Hotel,7.9902312,98.2917777,way
Phuket Botanic Garden,Tourism/Hotel,7.8477648,98.3457624,way
Kata hillside hotel,Tourism/Hotel,7.8156487,98.3057156,way
Tesco Lotus,Shopping,7.9131892,98.3364615,way
Pacific Inn,Tourism/Hotel,7.8774682,98.3930665,way
T.Y. Airport Inn,Tourism/Hotel,8.1002432,98.3068385,way
David Residence,Tourism/Hotel,8.106826,98.3086885,way
JJ airport condotel,Tourism/Hotel,8.1083967,98.3112531,way
Hipaphan,Tourism/Hotel,8.1016389,98.3035187,way
S2 Airport Residence,Tourism/Hotel,8.1009845,98.305497,way
Sixteenth Naiyang Beach,Tourism/Hotel,8.1008173,98.3060545,way
Phuket Airport Inn,Tourism/Hotel,8.0987505,98.3062796,way
วินริสา เพลส,Tourism/Hotel,8.09712,98.3066941,way
Baan Sabai Phuket,Tourism/Hotel,7.7913495,98.3168889,way
สวนสาธารณะเฉลิมพระเกียรติ,Tourism/Hotel,7.8753521,98.3746577,way
Andaman Seaside Resort,Tourism/Hotel,7.9846021,98.2870032,way
The Natural Resort,Tourism/Hotel,7.8825764,98.2958948,way
Sea Sun Sand Resort & Spa,Tourism/Hotel,7.9062875,98.3000229,way
Austrian Garden Hotel & Restaurant,Tourism/Hotel,7.9023739,98.2996401,way
Park Mall,Shopping,7.9861531,98.3015676,way
Cassia Phuket,Tourism/Hotel,8.0002057,98.2963381,way
Angsana Laguna Wedding Chapel,Tourism/Hotel,8.0033698,98.297054,way
Outrigger Laguna Phuket Beach Resort,Tourism/Hotel,7.9972163,98.2940584,way
Dusit Thani Laguna Phuket,Tourism/Hotel,8.0014539,98.2938719,way
Banyan Tree Spa Sanctuary,Tourism/Hotel,8.0096585,98.2939694,way
Mövenpick Resort Bangtao Beach,Tourism/Hotel,8.0087568,98.2932914,way
Zcape-2 Condo,Tourism/Hotel,7.9935429,98.3036921,way
Diamond Resort & Condominiums,Tourism/Hotel,7.9923328,98.2992473,way
Laguna Holiday Club Hotel,Tourism/Hotel,8.0030856,98.2988673,way
Pumeria,Tourism/Hotel,7.9877931,98.2965319,way
The Pavilions Hotel,Tourism/Hotel,8.0236701,98.3027799,way
Dream Phuket Hotel & Spa,Tourism/Hotel,8.0171889,98.3066251,way
Sabai Resort,Tourism/Hotel,8.0027003,98.3078823,way
Banyan Tree Phuket,Tourism/Hotel,8.0129762,98.2951056,way
Chaba Resort Phuket,Tourism/Hotel,7.9942703,98.3027477,way
The Residence Resort and Spa Retreat,Tourism/Hotel,7.9893019,98.2979387,way
ซูปเปอร์ชีพ สาขาถนนศักดิเดช,Shopping,7.8638163,98.3800919,way
King Power Duty Free Mall,Shopping,7.8733681,98.3618201,way
Recenta Phuket SuanLuang,Tourism/Hotel,7.8714982,98.3663807,way
The Nature Spa Academy,Tourism/Hotel,7.8705597,98.3673718,way
Two Villas Holiday OXYGEN VILLA BANGTAO BEACH,Tourism/Hotel,7.9853813,98.2954706,way
The Courtyard,Shopping,7.8701724,98.3582899,way
Little Nyonya Hotel,Tourism/Hotel,7.8789371,98.3643158,way
CAP Mansion Phuket,Tourism/Hotel,7.8780957,98.3713239,way
NASA Mansion,Tourism/Hotel,7.8785427,98.3708036,way
Grand Mercure Phuket Patong,Tourism/Hotel,7.8884588,98.2966541,way
At Kamala,Tourism/Hotel,7.9500193,98.2809982,way
Big C,Shopping,7.9479923,98.2803111,way
Vivace Hotel,Tourism/Hotel,7.9493542,98.2807594,way
Layalina,Tourism/Hotel,7.9506548,98.280942,way
Bandara Phuket Beach Resort,Tourism/Hotel,7.8115753,98.3890138,way
Casa Brazil,Tourism/Hotel,7.8333287,98.2970159,way
Hassana House,Tourism/Hotel,7.9826222,98.2996164,way
Mareeya Guesthouse,Tourism/Hotel,7.9834413,98.2990494,way
Isdaris Apartment,Tourism/Hotel,7.9835748,98.2949104,way
Baan Norkna,Tourism/Hotel,7.9854618,98.2944234,way
Clear House Resort,Tourism/Hotel,7.9502803,98.2865369,way
Canal Resort,Tourism/Hotel,8.0959832,98.3091026,way
Super Cheap,Shopping,7.9108991,98.3349846,way
New Square Patong,Tourism/Hotel,7.888974,98.2993558,way
Sukumvit Backpacker,Tourism/Hotel,7.885732,98.3937552,way
InterContinental Phuket Resort,Tourism/Hotel,7.9629387,98.2858009,way
Patong Pearl Hotel,Tourism/Hotel,7.8977926,98.2991469,way
Patong Mansion Hotel,Tourism/Hotel,7.8990584,98.3046176,way
Super Cheap,Shopping,7.8202415,98.3411224,way
Kata Tranquil Villa,Tourism/Hotel,7.831324,98.3013304,way
Phuket Orchid Farm,Tourism/Hotel,7.818704,98.3343945,way
Baan Karon Resort,Tourism/Hotel,7.8308165,98.2999201,way
Atom Phuket Hotel,Tourism/Hotel,8.0951503,98.3069895,way
Heaven apartments,Tourism/Hotel,7.8990343,98.3043885,way
The Bay,Tourism/Hotel,7.8949379,98.2955568,way
Hilton Garden Inn Phuket Bang Tao,Tourism/Hotel,7.9961972,98.2998701,way
Mini BigC,Shopping,7.8231931,98.3374667,way
Chalong Chalet Resort & Longstay reception,Tourism/Hotel,7.8257272,98.3272349,way
Chalong Chalet Resort & Longstay,Tourism/Hotel,7.8259032,98.3260548,way
Wabi Sabi Boutique Hotel,Tourism/Hotel,7.9501751,98.2823908,way
Lotus Go Fresh,Shopping,7.7918561,98.3178353,way
The Melody Phuket,Tourism/Hotel,7.8273441,98.3010124,way
Nonnee hotel,Tourism/Hotel,7.8180321,98.3099717,way
Beachfront Phuket Hotel,Tourism/Hotel,7.9843208,98.2828506,way
Robinson Lifestyle Thalang,Shopping,7.9807227,98.3620562,way
Smile Residence,Tourism/Hotel,7.8227853,98.3358007,way
Ratana Hotel Chalong,Tourism/Hotel,7.8196423,98.3396846,way
Lamai Guesthouse 1,Tourism/Hotel,7.8786074,98.2916314,way
Lamai Guesthouse,Tourism/Hotel,7.8983798,98.3464527,way
B2 premier Phuket,Tourism/Hotel,7.8975179,98.3506032,way
Surf Inn,Tourism/Hotel,7.9064299,98.3068902,way
Arch39 Phuket Beach Front,Tourism/Hotel,7.8238303,98.3455402,way
Wyndham La Vita Phuket,Tourism/Hotel,7.7739069,98.3169805,way
Rawai Palm Beach Resort reception,Tourism/Hotel,7.7709818,98.3179453,way
Purimas Resortel,Tourism/Hotel,7.7840114,98.3292607,way
Saturdays Residence by Brown Starling,Tourism/Hotel,7.8041311,98.3309416,way
Lotus Bleu,Tourism/Hotel,7.7999479,98.3277063,way
Baba La Casa,Tourism/Hotel,7.8326248,98.3443344,way
Elephant Jungle Sanctuary Phuket,Tourism/Hotel,7.918799,98.330319,way
Palm Oasis Boutique Hotel,Tourism/Hotel,7.7874408,98.3164703,way
Jula Place,Tourism/Hotel,7.8246435,98.3422719,way
Casa bella,Tourism/Hotel,7.8275492,98.3402651,way
Chernin hotel,Tourism/Hotel,7.8155362,98.3361766,way
Eva beach,Tourism/Hotel,7.7853035,98.3337966,way
Tea Tree Phuket,Tourism/Hotel,7.7819341,98.330155,way
The Yama,Tourism/Hotel,7.8203017,98.3097787,way
Tops daily,Shopping,7.8337761,98.3385823,way
Coco retreat,Tourism/Hotel,7.8462303,98.3442707,way
The One Cozy Vacation Residence,Tourism/Hotel,7.8570706,98.3418303,way
Tops daily,Shopping,7.8544371,98.3443854,way
Phuket Muay Thai House,Tourism/Hotel,7.8535955,98.345647,way
Happy cottage hotel,Tourism/Hotel,7.8530975,98.3460195,way
Banyen Chalong Hill,Tourism/Hotel,7.8490251,98.3298336,way
Bukit Elephant Park,Tourism/Hotel,7.8615354,98.3212118,way
Villa Zolitude Phuket,Tourism/Hotel,7.8663021,98.3306082,way
Villa Sonata,Tourism/Hotel,7.8650715,98.3313816,way
Ramada Plaza,Tourism/Hotel,7.8699463,98.3571466,way
Serenity Residence Lakeview,Tourism/Hotel,7.9158211,98.3283821,way
Di Pantai Boutique Resort,Tourism/Hotel,7.9171733,98.2913439,way
Foto Hotel,Tourism/Hotel,7.8755266,98.4292945,way
Secret Cliff reception,Tourism/Hotel,7.8606493,98.2841219,way
Travelodge,Tourism/Hotel,7.889756,98.3631274,way
Phannara Spa,Tourism/Hotel,7.8925356,98.3617222,way
The Fusion,Tourism/Hotel,7.8561681,98.3425361,way
Bora Bora Phuket,Tourism/Hotel,7.8564839,98.3420937,way
Thai modern resort and spa,Tourism/Hotel,7.8377546,98.3267541,way
Phuket paradise,Tourism/Hotel,7.9561904,98.3858162,way
Rawai princess hotel,Tourism/Hotel,7.8061194,98.3362415,way
Coriacea,Tourism/Hotel,8.1206238,98.3022869,way
Sugar Marina,Tourism/Hotel,8.098175,98.3072853,way
"Phuket Marriott Resort and Spa, Nai Yang Beach",Tourism/Hotel,8.0818185,98.28855,way
Hyatt Regency Phuket Resort,Tourism/Hotel,7.9467649,98.2711483,way
Lotus's,Shopping,7.9905446,98.3738513,way
Lotus Residence,Tourism/Hotel,7.9066962,98.3068545,way
Baan Andaman Sea Surf,Tourism/Hotel,7.9062148,98.3068967,way
A2 Pool Resort Phuket,Tourism/Hotel,7.9155507,98.3690636,way
Pink Mansion Phuket,Tourism/Hotel,7.9004612,98.3800811,way
Ranghill Residence Phuket Town,Tourism/Hotel,7.8886092,98.3792277,way
Relax Residence,Tourism/Hotel,8.031117,98.3237932,way
Tour De Phuket Hotel,Tourism/Hotel,7.9792279,98.357388,way
Popular Mansion,Tourism/Hotel,7.9154397,98.3712498,way
Super Cheap,Shopping,7.7825005,98.3223827,way
Karon Village,Tourism/Hotel,7.8390595,98.3004571,way
Princess Seaview,Tourism/Hotel,7.8396834,98.3010087,way
Blu Monkey,Tourism/Hotel,7.9001634,98.3807609,way
The Tide,Tourism/Hotel,7.8758038,98.4294545,way
เดอะเวสทิน สิเหร่เบย์ รีสอร์ทแอนด์สปา ภูเก็ต,Tourism/Hotel,7.87226,98.4288815,way
Grand Kata VIP,Tourism/Hotel,7.823989,98.2995717,way
Skyline adventure,Tourism/Hotel,7.7924693,98.3049249,way
Rawai Boutique Resort,Tourism/Hotel,7.7770138,98.3238915,way
Flying Hanuman,Tourism/Hotel,7.9247137,98.3226916,way
Karon Princess Hotel,Tourism/Hotel,7.8434977,98.2954811,way
Baan Karonburi Resort,Tourism/Hotel,7.8436701,98.2954419,way
Casa Del M,Tourism/Hotel,7.9048874,98.3070403,way
Paradise Sea View Apartment Resort,Tourism/Hotel,7.8111246,98.3251567,way
Par Phuket Hotel,Tourism/Hotel,7.8982124,98.3456769,way
Naiya Beach Bungalow Reception,Tourism/Hotel,7.7656798,98.3064707,way
Soi Dog Foundation,Tourism/Hotel,8.1282919,98.3130987,way
Phuket Nature Elephant Reserve,Tourism/Hotel,7.976463,98.3261793,way
Niran Farm Equestrian Center,Tourism/Hotel,7.9700527,98.3422557,way
Poolrada Boutique Hotel,Tourism/Hotel,8.0264692,98.3285133,way
Tops,Shopping,7.8778348,98.3806634,way
Super Cheap,Shopping,8.0161054,98.3190877,way
Tops,Shopping,8.0898331,98.2985598,way
Big C,Shopping,8.0886578,98.3055089,way
Coconut Bungalow,Tourism/Hotel,8.0931346,98.3080776,way
Premium Outlet,Shopping,7.9443308,98.3846202,way
Holiday House Kata & Karon Phuket Hotel,Tourism/Hotel,7.8263288,98.2984455,way
Adema Boutique Karon,Tourism/Hotel,7.8358756,98.2986398,way
Dome Kata Resort,Tourism/Hotel,7.8260627,98.3011832,way
The sis kata,Tourism/Hotel,7.8124937,98.299965,way
Impiana Resort,Tourism/Hotel,7.8968303,98.2961406,way
The Gallery Hotel,Tourism/Hotel,7.7820853,98.311234,way
Navatara Phuket Resort,Tourism/Hotel,7.7694262,98.3158715,way
Selina Serenity Rawai Pukhet,Tourism/Hotel,7.8011317,98.3366861,way
ศรีพันวา,Tourism/Hotel,7.8032993,98.4095436,way
Robinson Lifestyle Chalong,Shopping,7.8479676,98.3503769,way
ถนนคนเดิน หลาดใหญ่,Tourism/Hotel,7.8847687,98.3891147,way
ถนนบางลา,Tourism/Hotel,7.8932014,98.2981265,way
Hotel Riu Palace Phuket,Tourism/Hotel,8.177136,98.2918483,way
Go Wholesale Phuket,Shopping,7.8768599,98.395559,way
Ikon Phuket,Tourism/Hotel,7.8433518,98.3029571,way
โกล์ด แชเรียทโฮเทล,Tourism/Hotel,8.0120461,98.3150122,way
อมารี ภูเก็ต,Tourism/Hotel,7.8860386,98.2844304,way
Lotus's go fresh,Shopping,8.0984135,98.3062041,way
Perennial resort,Tourism/Hotel,8.1017176,98.3030521,way
