year,month,corridor,corr_id,season,is_high_season,is_monsoon,month_sin,month_cos,tt_ratio_Weekday_AM1,tt_ratio_Weekday_AM2,tt_ratio_Weekday_Afternoon,tt_ratio_Weekday_Early,tt_ratio_Weekday_Evening,tt_ratio_Weekday_LateNight,tt_ratio_Weekday_Midday,tt_ratio_Weekday_Morning,tt_ratio_Weekday_Night,tt_ratio_Weekday_PM1,tt_ratio_Weekday_PM2,tt_ratio_Weekday_PrePM,tt_ratio_Weekend_AM1,tt_ratio_Weekend_AM2,tt_ratio_Weekend_Afternoon,tt_ratio_Weekend_Early,tt_ratio_Weekend_Evening,tt_ratio_Weekend_LateNight,tt_ratio_Weekend_Midday,tt_ratio_Weekend_Morning,tt_ratio_Weekend_Night,tt_ratio_Weekend_PM1,tt_ratio_Weekend_PM2,tt_ratio_Weekend_PrePM,spd_Weekday_AM1,spd_Weekday_AM2,spd_Weekday_Afternoon,spd_Weekday_Early,spd_Weekday_Evening,spd_Weekday_LateNight,spd_Weekday_Midday,spd_Weekday_Morning,spd_Weekday_Night,spd_Weekday_PM1,spd_Weekday_PM2,spd_Weekday_PrePM,spd_Weekend_AM1,spd_Weekend_AM2,spd_Weekend_Afternoon,spd_Weekend_Early,spd_Weekend_Evening,spd_Weekend_LateNight,spd_Weekend_Midday,spd_Weekend_Morning,spd_Weekend_Night,spd_Weekend_PM1,spd_Weekend_PM2,spd_Weekend_PrePM,pti_Weekday_AM1,pti_Weekday_AM2,pti_Weekday_Afternoon,pti_Weekday_Early,pti_Weekday_Evening,pti_Weekday_LateNight,pti_Weekday_Midday,pti_Weekday_Morning,pti_Weekday_Night,pti_Weekday_PM1,pti_Weekday_PM2,pti_Weekday_PrePM,pti_Weekend_AM1,pti_Weekend_AM2,pti_Weekend_Afternoon,pti_Weekend_Early,pti_Weekend_Evening,pti_Weekend_LateNight,pti_Weekend_Midday,pti_Weekend_Morning,pti_Weekend_Night,pti_Weekend_PM1,pti_Weekend_PM2,pti_Weekend_PrePM,pti_mean,pti_max,corr_tourist_access,corr_length_km,flt_intl_arrivals,flt_intl_departures,flt_total_pax,flt_domestic,wx_temp_c_mean,wx_rain_mm_sum,wx_rain_days,wx_wind_kmh,soc_phuket,soc_phuket_beach,soc_phuket_flight,soc_phuket_hotel,soc_phuket_vacation,cal_n_holidays,cal_n_events,cal_high_impact,flt_total_pax_l1,flt_total_pax_l2,flt_total_pax_l3,wx_rain_mm_sum_l1,wx_rain_mm_sum_l2,wx_rain_mm_sum_l3,soc_phuket_l1,soc_phuket_l2,soc_phuket_l3,cal_n_holidays_l1,cal_n_holidays_l2,cal_n_holidays_l3,tt_ratio_Weekday_AM1_l1,tt_ratio_Weekday_AM1_l2,tt_ratio_Weekday_AM1_l3,pti_Weekday_AM1_l1,pti_Weekday_AM1_l2,pti_Weekday_AM1_l3,spd_Weekday_AM1_l1,spd_Weekday_AM1_l2,spd_Weekday_AM1_l3,tt_ratio_Weekday_AM2_l1,tt_ratio_Weekday_AM2_l2,tt_ratio_Weekday_AM2_l3,tt_ratio_Weekday_PrePM_l1,tt_ratio_Weekday_PrePM_l2,tt_ratio_Weekday_PrePM_l3,tt_ratio_Weekend_AM1_l1,tt_ratio_Weekend_AM1_l2,tt_ratio_Weekend_AM1_l3,split
2023,1,Airport Road (Route 402),0,high_peak,1,0,0.5,0.866,1.14,1.23,1.35,1.1,1.28,1.17,1.36,1.25,1.0,1.48,1.47,1.38,1.11,1.13,1.32,1.01,1.27,1.03,1.3,1.23,0.95,1.75,1.38,1.45,47.39,44.75,40.98,50.0,43.03,47.32,40.47,44.28,54.91,37.11,37.56,39.99,49.67,48.03,41.95,53.77,43.25,52.77,41.89,44.97,57.06,31.21,39.41,37.69,2.17,2.33,2.76,2.1,2.39,1.9,2.62,2.38,1.76,3.12,2.93,2.77,2.0,2.17,2.65,1.82,2.35,1.73,2.52,2.34,1.53,3.41,2.84,2.74,2.389,3.41,1,20,1784,1798,1258673,3855,26.28,295.0,320,11.03,70.0,6.2,67.8,4.8,5.0,7,7,0,,,,,,,,,,,,,,,,,,,,,,,,,,,,,,,train
2023,2,Airport Road (Route 402),0,high_peak,1,0,0.866,0.5,1.22,1.26,1.36,1.11,1.3,1.07,1.29,1.27,1.0,1.63,1.39,1.48,1.1,1.19,1.35,0.99,1.33,1.09,1.3,1.27,0.99,1.42,1.44,1.37,45.33,43.62,40.82,49.81,42.6,51.3,42.77,43.5,55.04,33.92,39.62,37.46,49.6,46.23,40.92,54.77,41.49,50.53,42.44,43.71,54.68,38.71,38.32,40.5,2.35,2.52,3.09,2.06,2.36,1.86,2.57,2.46,1.62,3.34,2.82,3.1,2.09,2.34,2.73,1.73,2.52,1.93,2.61,2.44,1.86,3.05,3.17,2.8,2.476,3.34,1,20,1750,1753,1211138,3610,27.12,128.6,176,10.94,64.5,5.2,63.8,4.0,4.8,1,1,0,1258673.0,,,295.0,,,70.0,,,7.0,,,1.14,,,2.17,,,47.39,,,1.23,,,1.38,,,1.11,,,train
2023,3,Airport Road (Route 402),0,high_peak,1,0,1.0,0.0,1.21,1.26,1.34,1.07,1.32,1.06,1.34,1.3,1.0,1.44,1.39,1.46,1.15,1.19,1.32,1.02,1.37,1.05,1.3,1.27,1.13,1.42,1.42,1.4,45.41,43.38,41.05,51.31,41.69,51.78,41.01,42.52,55.13,38.24,39.51,37.75,47.77,46.12,41.42,53.57,40.32,51.96,42.2,43.16,48.85,38.49,38.56,39.37,2.37,2.45,2.69,1.96,2.42,1.78,2.69,2.49,1.55,2.99,2.78,2.9,2.11,2.22,2.69,1.74,2.58,1.82,2.58,2.46,1.69,3.05,3.05,2.86,2.413,3.05,1,20,1970,1968,1332891,4223,27.78,205.8,198,10.82,60.0,4.8,63.8,3.5,5.0,2,2,0,1211138.0,1258673.0,,128.6,295.0,,64.5,70.0,,1.0,7.0,,1.22,1.14,,2.35,2.17,,45.33,47.39,,1.26,1.23,,1.48,1.38,,1.1,1.11,,train
2023,4,Airport Road (Route 402),0,shoulder,0,0,0.866,-0.5,1.18,1.24,1.41,1.07,1.35,1.08,1.32,1.28,1.0,1.55,1.49,1.38,1.17,1.21,1.41,1.07,1.31,1.08,1.34,1.28,0.98,1.59,1.58,1.38,47.5,44.99,39.82,52.08,41.61,51.61,42.61,43.78,55.84,36.31,37.58,40.33,47.91,46.34,39.83,51.72,42.8,51.67,41.77,43.91,57.18,35.25,35.54,40.6,2.19,2.35,2.83,1.88,2.45,1.81,2.55,2.44,1.61,3.17,2.97,2.84,2.19,2.27,2.85,1.85,2.44,1.76,2.68,2.42,1.5,3.42,3.49,2.88,2.452,3.49,1,20,1815,1813,1185581,4094,28.86,251.4,232,9.27,55.0,4.4,63.6,3.0,4.2,3,6,3,1332891.0,1211138.0,1258673.0,205.8,128.6,295.0,60.0,64.5,70.0,2.0,1.0,7.0,1.21,1.22,1.14,2.37,2.35,2.17,45.41,45.33,47.39,1.26,1.26,1.23,1.46,1.48,1.38,1.15,1.1,1.11,train
2023,5,Airport Road (Route 402),0,shoulder,0,1,0.5,-0.866,1.14,1.17,1.26,1.01,1.17,1.0,1.2,1.15,1.0,1.54,1.33,1.31,1.02,1.12,1.31,0.97,1.16,0.98,1.39,1.18,0.91,1.34,1.31,1.33,43.7,42.95,40.0,49.51,42.85,50.06,41.72,43.51,50.22,32.6,37.67,38.36,48.08,44.7,38.02,51.45,43.12,50.68,36.21,42.36,54.73,37.21,38.08,37.8,2.25,2.28,2.61,1.86,2.1,1.68,2.43,2.25,1.55,3.21,2.78,2.79,1.95,2.18,2.85,1.73,2.18,1.68,2.83,2.32,1.45,2.98,2.9,2.76,2.317,3.21,1,20,1633,1632,990772,3826,28.25,800.7,720,10.76,51.0,4.0,61.2,3.0,4.0,4,4,0,1185581.0,1332891.0,1211138.0,251.4,205.8,128.6,55.0,60.0,64.5,3.0,2.0,1.0,1.18,1.21,1.22,2.19,2.37,2.35,47.5,45.41,45.33,1.24,1.26,1.26,1.38,1.46,1.48,1.17,1.15,1.1,train
2023,6,Airport Road (Route 402),0,monsoon,0,1,0.0,-1.0,1.28,1.28,1.43,1.15,1.25,1.08,1.38,1.31,1.0,1.58,1.42,1.41,1.16,1.25,1.42,1.09,1.27,1.1,1.39,1.34,1.08,1.58,1.42,1.44,44.47,44.56,40.0,49.52,45.32,52.61,41.48,43.8,56.82,36.12,39.98,40.23,48.9,45.6,40.33,52.02,44.59,51.52,41.02,42.77,52.65,36.13,40.07,39.84,2.49,2.4,2.96,2.08,2.27,1.79,2.72,2.51,1.5,3.33,2.87,2.88,2.1,2.44,2.84,1.8,2.31,1.85,2.89,2.55,1.81,3.37,2.9,2.96,2.484,3.37,1,20,1530,1529,953801,3610,27.99,703.0,511,11.63,52.2,4.0,62.8,3.0,4.0,5,5,0,990772.0,1185581.0,1332891.0,800.7,251.4,205.8,51.0,55.0,60.0,4.0,3.0,2.0,1.14,1.18,1.21,2.25,2.19,2.37,43.7,47.5,45.41,1.17,1.24,1.26,1.31,1.38,1.46,1.02,1.17,1.15,train
2023,7,Airport Road (Route 402),0,monsoon,0,1,-0.5,-0.866,1.32,1.34,1.36,1.1,1.33,1.1,1.3,1.38,1.0,1.48,1.4,1.38,1.24,1.27,1.4,1.06,1.3,1.12,1.38,1.31,1.06,1.46,1.42,1.49,42.7,42.02,41.44,50.49,42.54,51.17,43.09,40.98,55.43,37.87,40.04,40.82,45.74,44.08,40.4,52.21,43.26,49.78,40.8,42.95,53.03,38.43,39.74,37.94,2.64,2.75,2.75,2.04,2.43,1.85,2.56,2.77,1.78,3.14,2.83,2.81,2.29,2.45,2.92,1.92,2.35,1.94,2.89,2.61,1.79,3.15,2.91,2.91,2.52,3.15,1,20,1833,1837,1158753,3962,27.43,1015.8,904,13.95,56.0,5.0,60.0,3.6,4.0,2,2,0,953801.0,990772.0,1185581.0,703.0,800.7,251.4,52.2,51.0,55.0,5.0,4.0,3.0,1.28,1.14,1.18,2.49,2.25,2.19,44.47,43.7,47.5,1.28,1.17,1.24,1.41,1.31,1.38,1.16,1.02,1.17,train
2023,8,Airport Road (Route 402),0,monsoon,0,1,-0.866,-0.5,1.11,1.13,1.2,0.97,1.22,0.96,1.19,1.13,1.0,1.33,1.23,1.22,1.01,1.09,1.16,0.92,1.14,0.93,1.14,1.1,0.9,1.29,1.24,1.17,43.36,43.05,40.47,49.76,39.6,50.35,40.58,42.83,48.49,36.42,39.27,39.87,47.59,44.32,41.83,52.46,42.56,51.81,42.4,44.03,53.62,37.46,38.77,41.13,2.22,2.2,2.47,1.8,2.17,1.58,2.36,2.23,1.45,2.81,2.63,2.54,1.84,2.17,2.35,1.6,2.08,1.56,2.32,2.14,1.48,2.7,2.62,2.38,2.154,2.81,1,20,1801,1801,1163563,3850,27.28,1022.9,906,13.36,56.5,5.0,56.5,3.5,3.8,3,3,0,1158753.0,953801.0,990772.0,1015.8,703.0,800.7,56.0,52.2,51.0,2.0,5.0,4.0,1.32,1.28,1.14,2.64,2.49,2.25,42.7,44.47,43.7,1.34,1.28,1.17,1.38,1.41,1.31,1.24,1.16,1.02,train
2023,9,Airport Road (Route 402),0,monsoon,0,1,-1.0,-0.0,1.31,1.35,1.35,1.11,1.3,1.07,1.29,1.38,1.0,1.6,1.45,1.45,1.2,1.22,1.33,1.17,1.39,1.1,1.34,1.41,1.01,1.42,1.43,1.32,42.3,41.28,41.21,49.04,42.57,51.46,42.8,40.24,55.2,34.68,38.1,38.35,46.12,44.68,41.77,47.38,39.98,50.06,41.44,39.51,54.39,38.97,38.66,41.67,2.72,2.79,2.79,2.19,2.5,1.8,2.58,2.82,1.55,3.32,3.07,3.01,2.44,2.4,2.73,2.08,2.65,1.92,2.8,3.13,1.63,2.96,2.93,2.69,2.562,3.32,1,20,1555,1556,894767,3427,26.67,1363.4,1035,10.67,52.8,4.5,55.8,3.5,3.5,1,1,0,1163563.0,1158753.0,953801.0,1022.9,1015.8,703.0,56.5,56.0,52.2,3.0,2.0,5.0,1.11,1.32,1.28,2.22,2.64,2.49,43.36,42.7,44.47,1.13,1.34,1.28,1.22,1.38,1.41,1.01,1.24,1.16,train
2023,10,Airport Road (Route 402),0,monsoon,0,1,-0.866,0.5,1.18,1.25,1.3,0.98,1.2,1.03,1.27,1.24,1.0,1.41,1.41,1.31,1.1,1.18,1.3,1.04,1.33,1.08,1.27,1.29,0.93,1.44,1.45,1.34,43.84,41.47,40.0,52.12,43.31,50.77,41.09,42.12,52.16,36.9,37.04,39.78,47.08,44.04,39.92,49.74,39.05,47.94,41.01,40.39,55.57,36.04,35.68,38.66,2.44,2.53,2.71,1.74,2.28,1.74,2.57,2.49,1.49,3.0,2.94,2.71,2.09,2.26,2.71,1.96,2.87,1.92,2.6,2.53,1.44,3.25,3.25,2.87,2.433,3.25,1,20,1725,1727,1098093,3774,26.69,1155.8,881,8.29,56.4,5.0,58.4,4.0,3.6,3,5,2,894767.0,1163563.0,1158753.0,1363.4,1022.9,1015.8,52.8,56.5,56.0,1.0,3.0,2.0,1.31,1.11,1.32,2.72,2.22,2.64,42.3,43.36,42.7,1.35,1.13,1.34,1.45,1.22,1.38,1.2,1.01,1.24,train
2023,11,Airport Road (Route 402),0,shoulder,1,0,-0.5,0.866,1.31,1.31,1.4,1.16,1.36,1.2,1.36,1.34,1.0,1.55,1.54,1.44,1.29,1.26,1.49,1.03,1.32,1.07,1.4,1.33,0.99,1.56,1.63,1.48,42.11,41.65,39.24,47.47,40.39,45.74,40.5,41.18,54.73,35.24,35.8,38.21,42.31,43.31,36.81,52.54,41.5,50.45,39.12,41.18,55.46,35.08,33.57,36.88,2.7,2.66,2.98,2.1,3.17,2.03,2.78,2.76,1.6,3.47,3.21,3.05,2.65,2.51,3.37,1.79,2.56,1.86,2.99,2.71,1.57,3.51,3.67,3.28,2.708,3.67,1,20,1917,1919,1268968,4233,26.47,1162.9,769,8.93,65.0,6.0,65.2,4.2,3.0,0,1,0,1098093.0,894767.0,1163563.0,1155.8,1363.4,1022.9,56.4,52.8,56.5,3.0,1.0,3.0,1.18,1.31,1.11,2.44,2.72,2.22,43.84,42.3,43.36,1.25,1.35,1.13,1.31,1.45,1.22,1.1,1.2,1.01,train
2023,12,Airport Road (Route 402),0,high_peak,1,0,-0.0,1.0,1.28,1.28,1.37,1.26,1.33,1.11,1.42,1.32,1.0,1.53,1.54,1.46,1.17,1.22,1.42,1.05,1.3,1.09,1.38,1.3,0.98,1.48,1.49,1.43,42.39,42.16,39.6,43.04,40.54,48.56,38.15,41.02,54.09,35.24,35.08,37.12,45.56,44.31,38.07,51.12,41.42,49.39,39.18,41.37,54.96,36.39,36.36,37.8,2.63,2.6,2.84,2.24,2.46,1.92,2.84,2.71,1.64,3.37,3.23,3.09,2.38,2.39,3.12,1.85,2.46,1.89,3.02,2.67,1.71,3.4,3.21,3.06,2.614,3.4,1,20,2291,2287,1462184,4857,26.86,436.5,378,10.48,72.0,6.2,72.4,4.4,3.8,8,9,1,1268968.0,1098093.0,894767.0,1162.9,1155.8,1363.4,65.0,56.4,52.8,0.0,3.0,1.0,1.31,1.18,1.31,2.7,2.44,2.72,42.11,43.84,42.3,1.31,1.25,1.35,1.44,1.31,1.45,1.29,1.1,1.2,train
2024,1,Airport Road (Route 402),0,high_peak,1,0,0.5,0.866,1.26,1.32,1.39,1.1,1.32,1.1,1.32,1.31,1.0,1.57,1.5,1.44,1.19,1.24,1.37,1.05,1.39,1.1,1.38,1.31,0.96,1.48,1.46,1.39,42.72,41.04,38.96,48.78,40.92,48.7,40.78,41.25,53.69,34.38,35.98,37.57,45.16,43.28,39.13,51.27,38.97,48.92,39.02,40.86,56.19,36.22,37.01,38.76,2.57,2.69,2.93,2.13,2.52,1.92,2.67,2.67,1.65,3.54,3.23,3.09,2.4,2.49,2.93,1.94,2.72,1.98,2.98,2.74,1.57,3.29,3.13,2.94,2.613,3.54,1,20,2568,2576,1188683,5070,27.42,203.3,209,10.79,78.0,7.2,75.8,5.2,4.5,3,3,0,1462184.0,1268968.0,1098093.0,436.5,1162.9,1155.8,72.0,65.0,56.4,8.0,0.0,3.0,1.28,1.31,1.18,2.63,2.7,2.44,42.39,42.11,43.84,1.28,1.31,1.25,1.46,1.44,1.31,1.17,1.29,1.1,val
2024,2,Airport Road (Route 402),0,high_peak,1,0,0.866,0.5,1.25,1.27,1.34,1.06,1.27,1.12,1.29,1.32,1.0,1.46,1.37,1.36,1.15,1.19,1.32,1.02,1.36,1.07,1.32,1.27,0.99,1.42,1.37,1.33,41.68,40.74,38.61,48.73,40.76,46.29,40.46,39.56,51.74,35.77,37.81,38.01,44.89,43.57,39.17,50.86,38.17,48.42,39.31,41.09,52.02,36.45,37.89,38.9,2.59,2.57,2.9,2.03,2.45,2.04,2.66,2.65,1.59,3.17,2.83,2.92,2.38,2.44,2.81,1.83,2.85,1.92,2.75,2.56,1.62,3.13,2.87,2.85,2.517,3.17,1,20,2542,2544,1165324,4808,28.62,88.1,95,11.2,73.8,6.5,69.0,5.0,4.5,6,8,0,1188683.0,1462184.0,1268968.0,203.3,436.5,1162.9,78.0,72.0,65.0,3.0,8.0,0.0,1.26,1.28,1.31,2.57,2.63,2.7,42.72,42.39,42.11,1.32,1.28,1.31,1.44,1.46,1.44,1.19,1.17,1.29,val
2024,3,Airport Road (Route 402),0,high_peak,1,0,1.0,0.0,1.25,1.29,1.35,1.03,1.28,1.09,1.32,1.33,1.0,1.48,1.4,1.37,1.18,1.22,1.36,1.04,1.33,1.05,1.33,1.27,0.99,1.43,1.4,1.38,42.2,40.87,39.12,50.85,41.27,48.52,39.95,40.05,52.84,35.75,37.95,38.71,44.81,42.85,39.0,50.13,39.73,50.17,39.85,41.46,53.46,36.88,37.72,38.4,2.65,2.62,2.84,1.93,2.46,1.89,2.74,2.73,1.69,3.31,2.87,2.89,2.36,2.54,2.82,2.03,2.67,1.79,2.79,2.6,1.7,3.16,3.01,2.93,2.542,3.31,1,20,2493,2494,1283249,5013,29.12,264.1,226,9.48,70.6,6.0,66.0,4.0,4.4,1,1,0,1165324.0,1188683.0,1462184.0,88.1,203.3,436.5,73.8,78.0,72.0,6.0,3.0,8.0,1.25,1.26,1.28,2.59,2.57,2.63,41.68,42.72,42.39,1.27,1.32,1.28,1.36,1.44,1.46,1.15,1.19,1.17,val
2024,4,Airport Road (Route 402),0,shoulder,0,0,0.866,-0.5,1.28,1.39,1.45,1.07,1.41,1.09,1.45,1.42,1.0,1.58,1.56,1.47,1.22,1.32,1.44,1.12,1.42,1.14,1.43,1.37,1.03,1.47,1.51,1.45,43.93,40.55,39.02,52.0,40.0,51.03,39.05,40.04,56.43,36.04,36.28,38.42,45.54,42.7,39.29,50.55,39.87,49.58,39.52,41.22,54.25,38.32,37.38,38.87,2.58,2.88,3.06,1.91,2.78,1.95,3.36,2.88,1.64,3.5,3.37,3.07,2.66,2.73,3.04,2.07,2.82,1.98,3.03,2.77,1.8,3.19,3.15,3.08,2.721,3.5,1,20,2226,2230,1092204,4548,29.62,368.5,321,8.09,63.2,5.5,62.5,4.0,4.5,7,10,3,1283249.0,1165324.0,1188683.0,264.1,88.1,203.3,70.6,73.8,78.0,1.0,6.0,3.0,1.25,1.25,1.26,2.65,2.59,2.57,42.2,41.68,42.72,1.29,1.27,1.32,1.37,1.36,1.44,1.18,1.15,1.19,val
2024,5,Airport Road (Route 402),0,shoulder,0,1,0.5,-0.866,1.35,1.45,1.55,1.1,1.34,1.15,1.37,1.36,1.0,1.61,1.52,1.47,1.26,1.25,1.41,1.07,1.35,1.12,1.39,1.33,0.99,1.48,1.48,1.43,41.26,38.35,36.11,49.7,41.73,48.11,40.68,41.14,54.85,34.6,36.48,37.71,44.27,43.96,39.41,51.32,41.08,49.64,39.9,41.97,55.58,37.64,37.64,38.97,2.78,2.92,3.06,2.08,2.62,2.02,2.76,2.71,1.78,3.6,3.21,3.12,2.61,2.47,2.95,2.05,2.57,1.98,2.9,2.64,1.59,3.17,3.08,2.98,2.652,3.6,1,20,2158,2161,918703,4401,29.13,817.0,591,7.42,62.0,5.0,67.5,4.0,5.5,5,5,0,1092204.0,1283249.0,1165324.0,368.5,264.1,88.1,63.2,70.6,73.8,7.0,1.0,6.0,1.28,1.25,1.25,2.58,2.65,2.59,43.93,42.2,41.68,1.39,1.29,1.27,1.47,1.37,1.36,1.22,1.18,1.15,val
2024,6,Airport Road (Route 402),0,monsoon,0,1,0.0,-1.0,1.3,1.31,1.35,1.13,1.26,1.03,1.32,1.31,1.0,1.47,1.41,1.4,1.16,1.24,1.36,1.05,1.32,1.1,1.4,1.32,0.95,1.44,1.39,1.32,41.3,40.87,39.59,47.63,42.45,51.39,40.5,40.91,53.61,36.46,38.05,38.36,45.81,42.73,39.5,50.36,40.71,48.15,38.16,40.56,55.42,37.26,38.56,40.5,2.65,2.63,2.82,2.19,2.37,1.8,2.67,2.66,1.57,3.17,2.89,2.84,2.32,2.57,2.94,2.03,2.49,2.13,3.07,2.67,1.62,2.98,2.86,2.69,2.526,3.17,1,20,2098,2095,889211,4136,28.35,906.8,625,11.13,62.0,5.2,69.2,4.0,4.4,2,2,0,918703.0,1092204.0,1283249.0,817.0,368.5,264.1,62.0,63.2,70.6,5.0,7.0,1.0,1.35,1.28,1.25,2.78,2.58,2.65,41.26,43.93,42.2,1.45,1.39,1.29,1.47,1.47,1.37,1.26,1.22,1.18,val
2024,7,Airport Road (Route 402),0,monsoon,0,1,-0.5,-0.866,1.29,1.4,1.46,1.18,1.51,1.12,1.61,1.39,1.0,1.53,1.5,1.45,1.18,1.27,1.4,1.05,1.37,1.15,1.42,1.37,1.04,1.45,1.46,1.41,43.1,40.2,38.59,47.75,37.63,49.78,35.22,40.36,55.57,36.88,37.45,38.91,47.09,43.63,40.24,52.93,41.02,48.99,39.53,41.18,54.2,38.87,38.58,39.92,2.68,2.88,3.15,2.38,2.71,2.0,3.11,2.85,1.66,3.21,3.1,2.97,2.35,2.67,2.82,1.85,2.64,2.05,2.93,2.69,1.69,3.03,3.02,3.05,2.645,3.21,1,20,2313,2317,1104344,4798,27.56,795.5,658,9.08,63.8,5.8,70.5,4.0,4.2,4,4,0,889211.0,918703.0,1092204.0,906.8,817.0,368.5,62.0,62.0,63.2,2.0,5.0,7.0,1.3,1.35,1.28,2.65,2.78,2.58,41.3,41.26,43.93,1.31,1.45,1.39,1.4,1.47,1.47,1.16,1.26,1.22,test
2024,8,Airport Road (Route 402),0,monsoon,0,1,-0.866,-0.5,1.29,1.34,1.37,1.16,1.38,1.16,1.37,1.35,1.0,1.46,1.47,1.39,1.21,1.25,1.32,1.0,1.3,1.07,1.36,1.29,0.94,1.4,1.43,1.32,41.48,39.75,39.01,45.82,39.54,46.96,39.1,39.5,53.35,36.43,36.28,38.42,44.14,42.82,40.44,52.46,40.96,49.65,39.17,41.38,56.07,38.17,37.41,40.44,2.66,2.79,2.85,2.23,2.59,2.0,2.85,2.8,1.67,3.15,3.42,2.86,2.5,2.51,2.77,1.8,2.56,1.87,2.83,2.54,1.47,2.88,2.96,2.63,2.55,3.42,1,20,2301,2304,1101450,4742,27.11,1102.6,825,8.75,68.0,6.0,72.2,4.2,4.2,1,1,0,1104344.0,889211.0,918703.0,795.5,906.8,817.0,63.8,62.0,62.0,4.0,2.0,5.0,1.29,1.3,1.35,2.68,2.65,2.78,43.1,41.3,41.26,1.4,1.31,1.45,1.45,1.4,1.47,1.18,1.16,1.26,test
2024,9,Airport Road (Route 402),0,monsoon,0,1,-1.0,-0.0,1.58,1.42,1.34,1.08,1.27,1.05,1.33,1.47,1.0,1.56,1.45,1.43,1.17,1.28,1.3,1.01,1.31,1.16,1.29,1.27,0.99,1.34,1.44,1.31,33.05,36.65,39.01,47.95,41.1,49.3,39.35,36.29,52.2,33.39,36.08,36.61,44.65,40.64,39.84,51.22,39.53,44.85,40.51,40.88,52.16,38.36,36.22,39.68,2.99,2.91,2.71,1.88,2.5,1.81,2.67,2.94,1.6,3.42,2.99,2.97,2.32,2.8,2.66,1.82,2.56,2.15,2.65,2.59,1.62,2.93,3.0,2.69,2.549,3.42,1,20,2045,2047,890073,4190,26.65,1582.0,1238,13.74,63.2,6.0,70.6,4.0,4.6,1,1,0,1101450.0,1104344.0,889211.0,1102.6,795.5,906.8,68.0,63.8,62.0,1.0,4.0,2.0,1.29,1.29,1.3,2.66,2.68,2.65,41.48,43.1,41.3,1.34,1.4,1.31,1.39,1.45,1.4,1.21,1.18,1.16,test
2024,10,Airport Road (Route 402),0,monsoon,0,1,-0.866,0.5,1.24,1.28,1.47,1.01,1.31,1.05,1.33,1.32,1.0,1.46,1.48,1.42,1.27,1.2,1.42,1.01,1.36,1.06,1.37,1.31,0.92,1.48,1.55,1.36,40.81,39.29,34.56,49.94,38.63,47.84,37.8,38.36,50.45,34.63,33.98,35.83,40.03,41.41,35.77,49.91,37.04,47.74,37.06,38.8,54.3,34.02,32.61,37.17,2.55,2.7,3.1,1.78,2.69,1.91,2.87,2.8,1.76,3.25,3.36,3.03,2.56,2.49,3.05,1.87,2.88,2.03,2.91,2.71,1.56,3.44,3.5,2.94,2.656,3.5,1,20,2216,2208,1035712,4572,26.74,985.4,859,8.57,66.8,6.0,71.5,4.5,4.8,4,6,2,890073.0,1101450.0,1104344.0,1582.0,1102.6,795.5,63.2,68.0,63.8,1.0,1.0,4.0,1.58,1.29,1.29,2.99,2.66,2.68,33.05,41.48,43.1,1.42,1.34,1.4,1.43,1.39,1.45,1.17,1.21,1.18,test
2024,11,Airport Road (Route 402),0,shoulder,1,0,-0.5,0.866,1.33,1.37,1.46,1.15,1.34,1.13,1.35,1.43,1.0,1.56,1.58,1.55,1.19,1.3,1.47,1.06,1.5,1.19,1.41,1.45,0.98,1.51,1.64,1.45,39.67,38.2,35.78,45.37,39.14,46.33,38.74,36.91,52.38,33.79,33.4,34.05,44.06,40.43,35.62,49.29,35.1,44.13,37.08,36.3,53.54,34.79,32.0,36.09,2.78,2.89,3.16,2.25,2.72,2.15,2.8,2.98,1.78,3.44,3.57,3.51,2.46,2.67,3.32,1.88,3.03,2.17,3.06,2.95,1.67,3.37,3.77,3.22,2.817,3.77,1,20,2604,2607,1240159,5250,26.81,874.5,817,9.1,79.5,7.0,87.2,5.0,4.5,0,1,0,1035712.0,890073.0,1101450.0,985.4,1582.0,1102.6,66.8,63.2,68.0,4.0,1.0,1.0,1.24,1.58,1.29,2.55,2.99,2.66,40.81,33.05,41.48,1.28,1.42,1.34,1.42,1.43,1.39,1.27,1.17,1.21,test
2024,12,Airport Road (Route 402),0,high_peak,1,0,-0.0,1.0,1.3,1.32,1.39,1.11,1.33,1.11,1.51,1.47,1.0,1.54,1.56,1.41,1.21,1.25,1.36,1.08,1.35,1.17,1.34,1.3,1.11,1.51,1.63,1.39,39.54,38.98,37.22,46.33,38.84,46.39,35.07,36.04,51.8,33.62,33.14,36.55,42.5,41.05,37.93,47.8,38.16,44.18,38.45,39.56,46.65,34.14,31.51,36.99,2.77,2.78,2.99,2.2,2.76,2.09,3.08,2.95,1.79,3.43,3.45,3.11,2.47,2.62,2.91,1.99,2.8,2.38,2.92,2.74,1.8,3.55,3.93,3.12,2.776,3.93,1,20,3081,3078,1476746,6138,26.87,604.3,495,11.38,87.8,7.6,85.2,5.4,5.0,7,8,1,1240159.0,1035712.0,890073.0,874.5,985.4,1582.0,79.5,66.8,63.2,0.0,4.0,1.0,1.33,1.24,1.58,2.78,2.55,2.99,39.67,40.81,33.05,1.37,1.28,1.42,1.55,1.42,1.43,1.19,1.27,1.17,test
2023,1,Patong Hill (Route 4029),1,high_peak,1,0,0.5,0.866,1.13,0.99,1.23,1.0,1.53,1.24,1.18,1.18,1.0,1.29,1.37,1.21,0.98,1.03,1.17,1.09,1.34,1.27,1.14,1.09,1.07,1.16,1.3,1.15,23.95,26.67,22.37,26.57,17.97,21.43,22.92,23.35,26.47,20.96,19.29,22.44,26.82,25.52,23.15,24.38,20.32,20.86,24.23,24.97,24.66,23.17,20.72,23.86,2.29,2.01,2.6,1.96,3.21,2.48,2.47,2.32,2.01,2.89,3.34,2.55,2.11,2.5,2.35,2.26,2.71,2.5,2.25,2.15,2.3,2.55,2.85,2.17,2.451,3.34,1,9,1784,1798,1258673,3855,26.28,295.0,320,11.03,70.0,6.2,67.8,4.8,5.0,7,7,0,,,,,,,,,,,,,,,,,,,,,,,,,,,,,,,train
2023,2,Patong Hill (Route 4029),1,high_peak,1,0,0.866,0.5,1.04,1.0,1.15,0.96,1.46,1.19,1.13,1.15,1.0,1.24,1.37,1.37,0.88,0.93,1.17,0.93,1.47,1.25,1.18,1.06,0.9,1.2,1.39,1.15,24.13,25.35,22.88,26.18,17.71,21.06,23.16,22.88,25.88,20.8,18.85,19.14,28.5,27.23,22.15,27.18,17.83,20.14,22.28,24.37,28.14,21.79,18.62,22.54,2.23,2.04,2.47,1.98,2.97,2.37,2.38,2.36,1.95,2.82,3.21,3.09,1.78,2.03,2.37,2.06,3.24,2.53,2.52,2.32,1.81,2.72,3.75,2.43,2.476,3.75,1,9,1750,1753,1211138,3610,27.12,128.6,176,10.94,64.5,5.2,63.8,4.0,4.8,1,1,0,1258673.0,,,295.0,,,70.0,,,7.0,,,1.13,,,2.29,,,23.95,,,0.99,,,1.21,,,0.98,,,train
2023,3,Patong Hill (Route 4029),1,high_peak,1,0,1.0,0.0,1.15,1.06,1.5,1.11,1.42,1.21,1.31,1.28,1.0,1.35,1.37,1.23,1.01,1.05,1.15,1.0,1.42,1.34,1.16,1.21,1.09,1.25,1.32,1.28,25.11,26.35,22.79,25.2,20.58,23.74,22.22,22.73,28.03,21.66,20.91,23.41,27.53,27.03,24.89,27.69,20.22,21.41,24.78,23.72,25.6,22.79,21.54,22.43,2.32,2.11,2.98,2.54,2.94,2.3,2.92,2.75,1.78,2.98,3.07,2.55,1.98,2.06,2.25,2.42,3.12,2.69,2.31,2.45,2.15,2.66,2.75,2.51,2.525,3.12,1,9,1970,1968,1332891,4223,27.78,205.8,198,10.82,60.0,4.8,63.8,3.5,5.0,2,2,0,1211138.0,1258673.0,,128.6,295.0,,64.5,70.0,,1.0,7.0,,1.04,1.13,,2.23,2.29,,24.13,23.95,,1.0,0.99,,1.37,1.21,,0.88,0.98,,train
2023,4,Patong Hill (Route 4029),1,shoulder,0,0,0.866,-0.5,0.99,0.99,1.19,0.91,1.3,1.14,1.17,1.19,1.0,1.19,1.32,1.18,0.93,0.91,1.09,0.95,1.22,1.16,1.16,1.05,0.92,1.14,1.22,1.07,26.74,26.0,22.14,28.21,20.32,22.7,22.61,22.25,26.45,22.24,19.97,22.36,27.58,27.98,24.26,27.01,21.74,22.83,23.03,25.09,27.93,23.14,21.96,24.33,1.95,1.97,2.58,1.99,2.71,2.47,2.48,2.65,1.9,2.62,3.15,2.58,2.29,1.79,2.26,1.88,2.47,2.33,2.35,2.16,1.89,2.41,2.52,2.16,2.315,3.15,1,9,1815,1813,1185581,4094,28.86,251.4,232,9.27,55.0,4.4,63.6,3.0,4.2,3,6,3,1332891.0,1211138.0,1258673.0,205.8,128.6,295.0,60.0,64.5,70.0,2.0,1.0,7.0,1.15,1.04,1.13,2.32,2.23,2.29,25.11,24.13,23.95,1.06,1.0,0.99,1.23,1.37,1.21,1.01,0.88,0.98,train
2023,5,Patong Hill (Route 4029),1,shoulder,0,1,0.5,-0.866,1.12,1.13,1.24,1.0,1.27,1.23,1.22,1.27,1.0,1.27,1.3,1.21,1.03,1.05,1.18,1.01,1.23,1.24,1.19,1.21,0.97,1.17,1.16,1.08,24.34,24.55,22.56,27.28,22.14,22.92,23.42,22.42,27.73,22.08,21.58,23.28,26.92,25.87,23.82,27.08,22.9,22.08,23.55,23.29,28.1,24.1,23.53,25.39,2.41,2.34,2.62,2.3,2.61,2.24,2.53,2.72,1.79,2.67,2.76,2.48,2.19,2.25,2.35,2.61,2.42,2.65,2.29,2.53,1.8,2.35,2.39,2.08,2.391,2.76,1,9,1633,1632,990772,3826,28.25,800.7,720,10.76,51.0,4.0,61.2,3.0,4.0,4,4,0,1185581.0,1332891.0,1211138.0,251.4,205.8,128.6,55.0,60.0,64.5,3.0,2.0,1.0,0.99,1.15,1.04,1.95,2.32,2.23,26.74,25.11,24.13,0.99,1.06,1.0,1.18,1.23,1.37,0.93,1.01,0.88,train
2023,6,Patong Hill (Route 4029),1,monsoon,0,1,0.0,-1.0,1.18,1.09,1.84,0.96,1.27,1.22,1.17,1.15,1.0,1.22,1.24,1.26,0.91,0.95,1.17,0.99,1.2,1.14,1.14,1.1,0.98,1.17,1.1,1.18,22.53,24.67,17.52,27.38,21.16,22.1,23.42,23.41,26.62,22.15,21.17,21.76,28.75,27.34,23.28,26.53,22.55,22.93,24.02,24.81,26.88,23.02,23.69,23.1,2.61,2.29,3.33,2.09,2.65,2.6,2.46,2.37,1.73,2.59,2.75,2.7,1.77,2.16,2.4,2.58,2.38,2.42,2.3,2.19,2.26,2.51,2.22,2.37,2.405,3.33,1,9,1530,1529,953801,3610,27.99,703.0,511,11.63,52.2,4.0,62.8,3.0,4.0,5,5,0,990772.0,1185581.0,1332891.0,800.7,251.4,205.8,51.0,55.0,60.0,4.0,3.0,2.0,1.12,0.99,1.15,2.41,1.95,2.32,24.34,26.74,25.11,1.13,0.99,1.06,1.21,1.18,1.23,1.03,0.93,1.01,train
2023,7,Patong Hill (Route 4029),1,monsoon,0,1,-0.5,-0.866,1.18,1.1,1.29,1.02,1.45,1.36,1.22,1.28,1.0,1.33,1.41,1.2,1.0,0.97,1.2,0.93,1.43,1.32,1.19,1.06,1.05,1.31,1.32,1.22,21.99,23.79,20.35,25.14,18.14,19.28,21.79,20.77,26.23,19.96,18.32,21.85,25.97,26.42,21.87,27.3,18.24,19.56,22.09,24.04,24.62,20.37,19.4,21.06,2.6,2.47,2.84,2.04,3.08,2.72,2.64,2.7,1.83,2.92,3.24,2.58,1.99,1.93,2.62,1.89,3.09,2.59,2.41,2.14,2.0,3.07,3.12,2.79,2.554,3.24,1,9,1833,1837,1158753,3962,27.43,1015.8,904,13.95,56.0,5.0,60.0,3.6,4.0,2,2,0,953801.0,990772.0,1185581.0,703.0,800.7,251.4,52.2,51.0,55.0,5.0,4.0,3.0,1.18,1.12,0.99,2.61,2.41,1.95,22.53,24.34,26.74,1.09,1.13,0.99,1.26,1.21,1.18,0.91,1.03,0.93,train
2023,8,Patong Hill (Route 4029),1,monsoon,0,1,-0.866,-0.5,1.24,1.16,1.37,1.05,1.5,1.38,1.32,1.47,1.0,1.48,1.5,1.35,1.01,0.98,1.19,0.94,1.43,1.33,1.18,1.13,1.01,1.25,1.34,1.19,21.85,23.66,20.08,25.59,18.33,19.62,20.89,18.91,26.8,18.58,18.28,20.31,26.77,27.36,23.16,28.19,19.23,19.89,23.25,24.12,26.82,21.41,20.35,22.63,2.78,2.51,3.22,1.97,3.29,2.79,3.06,3.36,1.82,3.46,3.66,3.12,1.92,1.96,2.43,2.06,2.88,2.67,2.44,2.36,1.91,2.71,2.94,2.62,2.664,3.66,1,9,1801,1801,1163563,3850,27.28,1022.9,906,13.36,56.5,5.0,56.5,3.5,3.8,3,3,0,1158753.0,953801.0,990772.0,1015.8,703.0,800.7,56.0,52.2,51.0,2.0,5.0,4.0,1.18,1.18,1.12,2.6,2.61,2.41,21.99,22.53,24.34,1.1,1.09,1.13,1.2,1.26,1.21,1.0,0.91,1.03,train
2023,9,Patong Hill (Route 4029),1,monsoon,0,1,-1.0,-0.0,1.25,1.13,1.33,0.98,1.33,1.21,1.24,1.26,1.0,1.33,1.29,1.35,0.96,1.05,1.18,0.99,1.24,1.35,1.22,1.1,1.13,1.25,1.28,1.18,21.51,23.9,20.84,27.64,20.62,22.67,22.31,21.78,26.68,20.65,20.63,20.49,27.68,25.8,23.24,27.37,21.81,19.73,22.81,24.99,23.53,21.9,21.35,22.66,2.96,2.45,2.95,1.89,2.74,2.53,2.64,2.9,1.89,2.81,2.88,2.93,1.88,2.15,2.57,2.09,2.47,2.8,2.45,2.22,2.52,2.62,2.74,2.46,2.522,2.96,1,9,1555,1556,894767,3427,26.67,1363.4,1035,10.67,52.8,4.5,55.8,3.5,3.5,1,1,0,1163563.0,1158753.0,953801.0,1022.9,1015.8,703.0,56.5,56.0,52.2,3.0,2.0,5.0,1.24,1.18,1.18,2.78,2.6,2.61,21.85,21.99,22.53,1.16,1.1,1.09,1.35,1.2,1.26,1.01,1.0,0.91,train
2023,10,Patong Hill (Route 4029),1,monsoon,0,1,-0.866,0.5,1.14,1.1,1.33,1.4,1.36,1.24,1.29,1.32,1.0,1.31,1.32,1.25,1.0,1.0,1.18,0.99,1.24,1.26,1.28,1.14,1.02,1.2,1.22,1.16,24.68,25.25,21.52,19.65,20.65,22.42,21.91,21.3,27.45,21.77,21.57,22.53,27.42,27.27,23.9,27.69,22.12,21.78,22.07,24.61,26.99,23.08,22.71,24.71,2.36,2.35,2.96,4.13,2.81,2.45,2.86,3.12,1.93,2.69,2.83,2.63,2.15,2.08,2.53,2.12,2.62,2.48,2.56,2.29,1.96,2.46,2.49,2.31,2.549,4.13,1,9,1725,1727,1098093,3774,26.69,1155.8,881,8.29,56.4,5.0,58.4,4.0,3.6,3,5,2,894767.0,1163563.0,1158753.0,1363.4,1022.9,1015.8,52.8,56.5,56.0,1.0,3.0,2.0,1.25,1.24,1.18,2.96,2.78,2.6,21.51,21.85,21.99,1.13,1.16,1.1,1.35,1.35,1.2,0.96,1.01,1.0,train
2023,11,Patong Hill (Route 4029),1,shoulder,1,0,-0.5,0.866,1.32,1.26,1.39,1.55,1.6,1.25,1.27,1.41,1.0,1.44,1.57,1.4,1.01,0.99,1.28,0.98,1.48,1.39,1.23,1.18,1.03,1.48,1.43,1.31,21.27,22.54,20.47,17.64,17.4,21.5,22.28,20.12,27.31,19.45,17.34,20.32,27.44,27.46,21.65,27.84,18.32,19.94,22.79,24.02,26.58,19.16,19.16,20.79,2.84,2.71,3.18,2.44,3.71,2.56,2.74,3.31,1.94,3.24,3.77,3.08,2.05,1.99,2.95,2.02,3.27,2.76,2.57,2.43,1.89,3.44,3.44,3.24,2.815,3.77,1,9,1917,1919,1268968,4233,26.47,1162.9,769,8.93,65.0,6.0,65.2,4.2,3.0,0,1,0,1098093.0,894767.0,1163563.0,1155.8,1363.4,1022.9,56.4,52.8,56.5,3.0,1.0,3.0,1.14,1.25,1.24,2.36,2.96,2.78,24.68,21.51,21.85,1.1,1.13,1.16,1.25,1.35,1.35,1.0,0.96,1.01,train
2023,12,Patong Hill (Route 4029),1,high_peak,1,0,-0.0,1.0,1.18,1.1,1.4,0.87,1.61,1.3,1.31,1.32,1.0,1.41,1.57,1.34,0.96,1.02,1.31,0.89,1.62,1.44,1.24,1.18,0.97,1.47,1.55,1.27,22.29,24.19,19.23,29.71,16.1,19.85,20.53,20.44,26.53,18.86,16.88,19.75,27.18,25.23,20.47,28.84,16.45,18.0,21.7,22.43,26.77,18.31,16.97,21.04,2.54,2.27,3.27,1.59,3.73,2.71,3.02,2.97,1.8,3.35,3.66,3.1,1.86,2.25,3.01,1.72,3.68,3.16,2.72,2.38,1.91,3.45,3.92,2.99,2.794,3.92,1,9,2291,2287,1462184,4857,26.86,436.5,378,10.48,72.0,6.2,72.4,4.4,3.8,8,9,1,1268968.0,1098093.0,894767.0,1162.9,1155.8,1363.4,65.0,56.4,52.8,0.0,3.0,1.0,1.32,1.14,1.25,2.84,2.36,2.96,21.27,24.68,21.51,1.26,1.1,1.13,1.4,1.25,1.35,1.01,1.0,0.96,train
2024,1,Patong Hill (Route 4029),1,high_peak,1,0,0.5,0.866,1.25,1.13,1.37,0.95,1.62,1.43,1.31,1.29,1.0,1.35,1.5,1.32,0.94,0.95,1.29,0.97,1.47,1.41,1.28,1.15,1.06,1.3,1.32,1.27,21.37,23.65,19.69,27.62,16.09,18.34,20.42,20.9,26.69,19.75,18.02,20.42,27.53,27.16,20.65,26.81,17.68,18.48,20.87,23.5,25.13,20.29,19.51,21.05,2.65,2.39,3.19,1.83,3.85,2.83,3.13,2.94,1.89,3.09,3.47,2.97,1.93,1.84,2.91,1.91,3.31,2.89,2.98,2.39,2.07,2.92,3.07,2.85,2.721,3.85,1,9,2568,2576,1188683,5070,27.42,203.3,209,10.79,78.0,7.2,75.8,5.2,4.5,3,3,0,1462184.0,1268968.0,1098093.0,436.5,1162.9,1155.8,72.0,65.0,56.4,8.0,0.0,3.0,1.18,1.32,1.14,2.54,2.84,2.36,22.29,21.27,24.68,1.1,1.26,1.1,1.34,1.4,1.25,0.96,1.01,1.0,val
2024,2,Patong Hill (Route 4029),1,high_peak,1,0,0.866,0.5,1.31,1.2,1.48,1.05,1.67,1.37,1.42,1.38,1.0,1.47,1.61,1.38,1.07,1.03,1.27,1.15,1.59,1.34,1.26,1.26,1.02,1.39,1.49,1.24,21.3,23.12,19.05,25.95,16.67,19.77,19.92,20.41,27.17,19.17,17.41,20.33,26.15,26.79,22.0,23.73,17.58,20.14,22.06,22.16,26.7,19.99,18.97,22.52,2.81,2.47,3.52,2.32,3.93,2.86,3.18,3.09,2.04,3.33,3.7,3.12,2.11,2.03,2.7,2.18,3.45,2.69,2.83,2.78,2.08,3.07,3.21,2.58,2.837,3.93,1,9,2542,2544,1165324,4808,28.62,88.1,95,11.2,73.8,6.5,69.0,5.0,4.5,6,8,0,1188683.0,1462184.0,1268968.0,203.3,436.5,1162.9,78.0,72.0,65.0,3.0,8.0,0.0,1.25,1.18,1.32,2.65,2.54,2.84,21.37,22.29,21.27,1.13,1.1,1.26,1.32,1.34,1.4,0.94,0.96,1.01,val
2024,3,Patong Hill (Route 4029),1,high_peak,1,0,1.0,0.0,1.18,1.2,1.35,1.01,1.47,1.31,1.33,1.36,1.0,1.37,1.38,1.45,1.09,1.06,1.35,1.07,1.45,1.32,1.33,1.33,1.04,1.23,1.28,1.24,23.91,23.47,21.7,27.77,19.35,21.3,22.06,21.51,28.14,21.35,20.71,19.65,25.86,26.67,21.6,26.4,19.43,21.2,21.94,22.0,27.0,22.79,21.79,23.06,2.47,2.4,2.93,1.87,3.09,2.54,2.81,2.98,1.79,2.94,3.08,2.81,1.96,2.21,2.92,2.01,3.15,2.62,2.79,3.11,2.05,2.68,2.77,2.6,2.608,3.15,1,9,2493,2494,1283249,5013,29.12,264.1,226,9.48,70.6,6.0,66.0,4.0,4.4,1,1,0,1165324.0,1188683.0,1462184.0,88.1,203.3,436.5,73.8,78.0,72.0,6.0,3.0,8.0,1.31,1.25,1.18,2.81,2.65,2.54,21.3,21.37,22.29,1.2,1.13,1.1,1.38,1.32,1.34,1.07,0.94,0.96,val
2024,4,Patong Hill (Route 4029),1,shoulder,0,0,0.866,-0.5,1.04,1.07,1.34,0.97,1.49,1.39,1.37,1.23,1.0,1.36,1.42,1.24,0.96,1.05,1.43,1.01,1.56,1.61,1.43,1.28,1.07,1.3,1.49,1.27,25.99,25.28,21.13,28.11,18.45,19.57,20.57,22.94,27.15,20.7,19.34,21.98,28.23,25.96,19.72,26.84,17.41,16.71,19.74,21.98,25.33,20.93,18.73,22.02,2.08,2.02,3.02,1.88,3.27,2.95,3.05,2.65,1.91,3.07,3.24,2.69,1.84,2.11,3.49,1.99,3.61,3.45,3.17,2.53,2.28,3.1,3.36,2.94,2.738,3.61,1,9,2226,2230,1092204,4548,29.62,368.5,321,8.09,63.2,5.5,62.5,4.0,4.5,7,10,3,1283249.0,1165324.0,1188683.0,264.1,88.1,203.3,70.6,73.8,78.0,1.0,6.0,3.0,1.18,1.31,1.25,2.47,2.81,2.65,23.91,21.3,21.37,1.2,1.2,1.13,1.45,1.38,1.32,1.09,1.07,0.94,val
2024,5,Patong Hill (Route 4029),1,shoulder,0,1,0.5,-0.866,1.27,1.15,1.31,0.97,1.44,1.33,1.27,1.31,1.0,1.31,1.37,1.22,0.98,1.0,1.25,0.99,1.38,1.37,1.25,1.11,1.09,1.14,1.3,1.09,22.04,24.01,21.9,28.07,19.42,20.67,22.51,21.83,27.56,21.88,20.19,22.89,27.77,27.31,22.88,27.53,20.1,19.96,22.3,25.13,25.39,24.12,21.06,25.21,2.75,2.44,2.85,1.85,2.98,2.77,2.74,2.76,1.88,2.76,3.01,2.57,1.92,1.91,2.57,1.99,2.91,2.75,2.68,2.13,2.5,2.41,2.96,2.2,2.512,3.01,1,9,2158,2161,918703,4401,29.13,817.0,591,7.42,62.0,5.0,67.5,4.0,5.5,5,5,0,1092204.0,1283249.0,1165324.0,368.5,264.1,88.1,63.2,70.6,73.8,7.0,1.0,6.0,1.04,1.18,1.31,2.08,2.47,2.81,25.99,23.91,21.3,1.07,1.2,1.2,1.24,1.45,1.38,0.96,1.09,1.07,val
2024,6,Patong Hill (Route 4029),1,monsoon,0,1,0.0,-1.0,1.25,1.17,1.35,0.98,1.44,1.36,1.26,1.2,1.0,1.36,1.41,1.33,0.94,0.97,1.17,1.09,1.41,1.39,1.24,1.04,1.06,1.29,1.19,1.22,21.05,22.38,20.16,26.68,18.2,19.31,21.68,21.92,26.24,19.99,19.37,20.57,27.53,27.02,22.41,24.04,18.57,18.58,21.94,25.11,24.8,20.67,22.05,22.37,2.93,2.78,3.03,2.02,3.28,2.77,2.68,2.72,1.88,3.01,3.2,2.89,1.79,1.82,2.46,2.41,2.91,2.85,2.54,2.1,2.08,2.92,2.62,2.68,2.599,3.28,1,9,2098,2095,889211,4136,28.35,906.8,625,11.13,62.0,5.2,69.2,4.0,4.4,2,2,0,918703.0,1092204.0,1283249.0,817.0,368.5,264.1,62.0,63.2,70.6,5.0,7.0,1.0,1.27,1.04,1.18,2.75,2.08,2.47,22.04,25.99,23.91,1.15,1.07,1.2,1.22,1.24,1.45,0.98,0.96,1.09,val
2024,7,Patong Hill (Route 4029),1,monsoon,0,1,-0.5,-0.866,1.23,1.16,1.49,1.04,1.63,1.4,1.34,1.28,1.0,1.44,1.5,1.45,1.01,0.99,1.38,0.98,1.58,1.51,1.27,1.12,1.07,1.5,1.44,1.45,21.83,23.47,18.93,26.14,17.29,19.43,21.07,21.24,27.15,19.65,18.05,19.42,26.61,27.02,20.52,27.76,17.22,18.03,22.32,24.21,25.36,18.78,18.72,19.53,2.65,2.48,3.31,2.15,3.61,2.89,2.93,2.98,1.85,3.19,3.52,3.09,1.91,2.01,2.92,1.86,3.8,2.99,2.62,2.32,2.42,3.46,3.91,3.15,2.834,3.91,1,9,2313,2317,1104344,4798,27.56,795.5,658,9.08,63.8,5.8,70.5,4.0,4.2,4,4,0,889211.0,918703.0,1092204.0,906.8,817.0,368.5,62.0,62.0,63.2,2.0,5.0,7.0,1.25,1.27,1.04,2.93,2.75,2.08,21.05,22.04,25.99,1.17,1.15,1.07,1.33,1.22,1.24,0.94,0.98,0.96,test
2024,8,Patong Hill (Route 4029),1,monsoon,0,1,-0.866,-0.5,1.21,1.11,1.4,1.02,1.58,1.4,1.34,1.37,1.0,1.4,1.65,1.41,1.05,1.24,1.31,0.97,1.44,1.41,1.16,1.1,1.07,1.37,1.36,1.3,21.7,23.4,19.57,25.71,16.86,18.73,20.36,20.1,26.28,19.5,16.57,19.32,25.14,21.27,20.6,26.95,18.27,18.36,22.71,23.97,24.48,20.0,19.26,20.49,2.69,2.48,3.04,2.09,3.53,2.9,3.04,3.18,1.95,3.21,3.71,3.08,2.07,2.44,2.89,1.9,3.16,2.88,2.51,2.28,2.34,3.04,3.34,2.72,2.77,3.71,1,9,2301,2304,1101450,4742,27.11,1102.6,825,8.75,68.0,6.0,72.2,4.2,4.2,1,1,0,1104344.0,889211.0,918703.0,795.5,906.8,817.0,63.8,62.0,62.0,4.0,2.0,5.0,1.23,1.25,1.27,2.65,2.93,2.75,21.83,21.05,22.04,1.16,1.17,1.15,1.45,1.33,1.22,1.01,0.94,0.98,test
2024,9,Patong Hill (Route 4029),1,monsoon,0,1,-1.0,-0.0,1.2,1.16,1.46,1.03,1.45,1.22,1.25,1.25,1.0,1.44,1.39,1.25,0.98,1.04,1.23,1.0,1.34,1.36,1.11,1.05,1.06,1.22,1.17,1.23,21.58,22.17,18.37,25.18,18.23,21.2,21.51,21.44,25.83,18.61,19.37,20.72,26.47,24.78,21.79,25.87,19.26,18.88,23.34,24.66,24.43,22.04,22.16,21.75,2.8,2.83,3.18,2.09,3.08,2.59,2.65,2.89,1.92,3.27,3.02,2.87,1.83,2.12,2.56,2.0,2.97,2.79,2.44,2.11,2.29,2.59,2.49,2.61,2.583,3.27,1,9,2045,2047,890073,4190,26.65,1582.0,1238,13.74,63.2,6.0,70.6,4.0,4.6,1,1,0,1101450.0,1104344.0,889211.0,1102.6,795.5,906.8,68.0,63.8,62.0,1.0,4.0,2.0,1.21,1.23,1.25,2.69,2.65,2.93,21.7,21.83,21.05,1.11,1.16,1.17,1.41,1.45,1.33,1.05,1.01,0.94,test
2024,10,Patong Hill (Route 4029),1,monsoon,0,1,-0.866,0.5,1.07,1.06,1.32,0.99,1.37,1.28,1.33,1.35,1.0,1.41,1.26,1.26,0.97,1.02,1.25,0.96,1.38,1.3,1.23,1.19,1.06,1.33,1.3,1.27,24.56,24.5,20.49,26.62,18.96,21.09,20.37,20.05,26.04,22.63,20.69,21.15,26.57,25.55,20.86,27.18,19.17,19.84,21.42,21.93,24.64,20.31,20.59,20.79,2.18,2.23,2.86,1.89,2.99,2.67,3.08,3.03,1.93,2.84,2.84,2.86,1.99,2.09,2.82,1.81,2.92,2.65,2.78,2.75,2.08,2.88,2.82,2.73,2.572,3.08,1,9,2216,2208,1035712,4572,26.74,985.4,859,8.57,66.8,6.0,71.5,4.5,4.8,4,6,2,890073.0,1101450.0,1104344.0,1582.0,1102.6,795.5,63.2,68.0,63.8,1.0,1.0,4.0,1.2,1.21,1.23,2.8,2.69,2.65,21.58,21.7,21.83,1.16,1.11,1.16,1.25,1.41,1.45,0.98,1.05,1.01,test
2024,11,Patong Hill (Route 4029),1,shoulder,1,0,-0.5,0.866,1.35,1.28,1.5,0.96,1.71,1.45,1.47,1.4,1.0,1.49,1.69,1.35,1.09,0.99,1.18,0.95,1.52,1.59,1.24,1.13,1.05,1.37,1.37,1.27,18.74,19.73,17.19,26.31,14.92,17.4,17.88,17.98,25.2,17.56,15.54,19.36,23.15,25.42,21.43,26.66,16.57,15.67,21.07,22.22,24.02,18.55,18.42,20.59,3.12,3.02,3.73,1.79,4.54,3.09,3.66,3.42,2.02,3.49,4.27,3.1,2.56,1.98,2.6,1.74,3.52,3.81,2.71,2.45,2.25,3.0,3.29,2.83,3.0,4.54,1,9,2604,2607,1240159,5250,26.81,874.5,817,9.1,79.5,7.0,87.2,5.0,4.5,0,1,0,1035712.0,890073.0,1101450.0,985.4,1582.0,1102.6,66.8,63.2,68.0,4.0,1.0,1.0,1.07,1.2,1.21,2.18,2.8,2.69,24.56,21.58,21.7,1.06,1.16,1.11,1.26,1.25,1.41,0.97,0.98,1.05,test
2024,12,Patong Hill (Route 4029),1,high_peak,1,0,-0.0,1.0,1.23,1.18,1.53,0.97,1.7,1.48,1.46,1.81,1.0,1.48,1.71,1.42,1.06,1.0,1.27,0.96,1.81,1.39,1.3,1.14,1.11,1.32,1.55,1.23,20.55,21.47,17.24,26.04,14.93,17.1,18.0,17.15,25.35,17.35,15.39,18.52,23.94,25.35,20.03,26.25,14.11,18.05,19.45,22.29,22.83,19.16,16.33,20.65,2.8,2.72,3.9,2.0,4.4,3.2,3.6,3.72,2.0,3.76,4.41,3.47,2.29,1.96,2.89,1.92,4.41,2.93,2.92,2.51,2.44,3.53,4.38,2.71,3.12,4.41,1,9,3081,3078,1476746,6138,26.87,604.3,495,11.38,87.8,7.6,85.2,5.4,5.0,7,8,1,1240159.0,1035712.0,890073.0,874.5,985.4,1582.0,79.5,66.8,63.2,0.0,4.0,1.0,1.35,1.07,1.2,3.12,2.18,2.8,18.74,24.56,21.58,1.28,1.06,1.16,1.35,1.26,1.25,1.09,0.97,0.98,test
2023,1,Phuket Town → Rawai (Route 4022),2,high_peak,1,0,0.5,0.866,1.54,1.62,1.6,1.15,1.51,1.19,1.56,1.58,1.0,1.93,1.81,1.79,1.41,1.38,1.56,1.15,1.54,1.23,1.54,1.49,0.99,1.64,1.65,1.62,26.77,25.81,26.26,36.11,27.77,35.12,26.82,26.6,41.92,21.76,23.1,23.47,29.38,29.89,26.8,36.42,27.23,34.16,27.19,28.06,41.65,25.58,25.43,25.86,3.83,3.94,3.76,2.38,3.39,2.3,3.62,3.74,1.73,5.0,4.57,4.6,3.03,3.07,3.59,2.29,3.43,2.35,3.55,3.31,1.75,4.03,3.86,3.87,3.375,5.0,1,18,1784,1798,1258673,3855,26.28,295.0,320,11.03,70.0,6.2,67.8,4.8,5.0,7,7,0,,,,,,,,,,,,,,,,,,,,,,,,,,,,,,,train
2023,2,Phuket Town → Rawai (Route 4022),2,high_peak,1,0,0.866,0.5,1.56,1.63,1.55,1.14,1.47,1.16,1.54,1.54,1.0,1.83,1.7,1.71,1.29,1.33,1.48,1.08,1.46,1.21,1.51,1.49,1.0,1.62,1.57,1.5,25.79,24.7,26.33,35.49,27.86,35.15,26.57,26.54,40.82,22.34,24.05,23.86,31.32,30.24,27.53,37.07,27.91,33.68,27.0,27.48,40.93,25.16,25.97,26.88,3.87,3.96,3.68,2.38,3.26,2.2,3.51,3.53,1.7,5.08,4.14,4.28,2.75,2.92,3.46,2.2,3.2,2.3,3.52,3.44,1.69,3.84,3.58,3.41,3.246,5.08,1,18,1750,1753,1211138,3610,27.12,128.6,176,10.94,64.5,5.2,63.8,4.0,4.8,1,1,0,1258673.0,,,295.0,,,70.0,,,7.0,,,1.54,,,3.83,,,26.77,,,1.62,,,1.79,,,1.41,,,train
2023,3,Phuket Town → Rawai (Route 4022),2,high_peak,1,0,1.0,0.0,1.42,1.53,1.54,1.11,1.39,1.12,1.53,1.5,1.0,1.57,1.58,1.53,1.2,1.3,1.47,1.02,1.45,1.16,1.49,1.42,0.94,1.5,1.49,1.44,27.29,25.36,25.16,34.48,27.82,34.66,25.31,25.86,38.72,24.7,24.52,25.33,31.92,29.67,26.3,37.42,26.63,33.5,26.07,27.29,41.3,25.9,25.93,26.88,3.34,3.63,3.72,2.4,3.11,2.18,3.61,3.54,1.69,3.87,4.08,3.64,2.63,2.91,3.63,2.28,3.28,2.24,3.54,3.28,1.61,3.49,3.44,3.4,3.106,4.08,1,18,1970,1968,1332891,4223,27.78,205.8,198,10.82,60.0,4.8,63.8,3.5,5.0,2,2,0,1211138.0,1258673.0,,128.6,295.0,,64.5,70.0,,1.0,7.0,,1.56,1.54,,3.87,3.83,,25.79,26.77,,1.63,1.62,,1.71,1.79,,1.29,1.41,,train
2023,4,Phuket Town → Rawai (Route 4022),2,shoulder,0,0,0.866,-0.5,1.35,1.42,1.55,1.17,1.43,1.16,1.57,1.5,1.0,1.62,1.57,1.57,1.23,1.38,1.46,1.05,1.49,1.18,1.48,1.41,0.96,1.56,1.52,1.5,28.69,27.52,25.29,33.6,27.43,33.9,24.95,26.05,39.17,24.14,25.02,24.88,31.21,28.03,26.82,36.85,26.27,33.1,26.43,27.81,40.28,25.1,25.82,26.05,3.08,3.32,3.69,2.34,3.18,2.23,3.91,3.46,1.75,4.1,3.72,3.82,2.68,3.02,3.38,2.16,3.59,2.31,3.4,3.14,1.62,3.84,3.43,3.49,3.111,4.1,1,18,1815,1813,1185581,4094,28.86,251.4,232,9.27,55.0,4.4,63.6,3.0,4.2,3,6,3,1332891.0,1211138.0,1258673.0,205.8,128.6,295.0,60.0,64.5,70.0,2.0,1.0,7.0,1.42,1.56,1.54,3.34,3.87,3.83,27.29,25.79,26.77,1.53,1.63,1.62,1.53,1.71,1.79,1.2,1.29,1.41,train
2023,5,Phuket Town → Rawai (Route 4022),2,shoulder,0,1,0.5,-0.866,1.58,1.63,1.62,1.15,1.47,1.19,1.61,1.59,1.0,1.84,1.7,1.69,1.27,1.41,1.58,1.06,1.52,1.2,1.62,1.52,1.0,1.62,1.63,1.57,25.77,24.91,25.04,34.75,27.65,34.19,25.2,25.57,40.1,22.06,23.86,24.12,31.38,28.37,25.71,37.69,26.7,33.97,25.04,26.69,40.59,25.01,24.62,25.92,3.87,4.05,3.82,2.44,3.28,2.32,3.82,3.71,1.74,4.92,4.22,4.18,2.76,3.25,3.71,2.18,3.37,2.28,3.79,3.49,1.72,3.82,3.87,3.57,3.341,4.92,1,18,1633,1632,990772,3826,28.25,800.7,720,10.76,51.0,4.0,61.2,3.0,4.0,4,4,0,1185581.0,1332891.0,1211138.0,251.4,205.8,128.6,55.0,60.0,64.5,3.0,2.0,1.0,1.35,1.42,1.56,3.08,3.34,3.87,28.69,27.29,25.79,1.42,1.53,1.63,1.57,1.53,1.71,1.23,1.2,1.29,train
2023,6,Phuket Town → Rawai (Route 4022),2,monsoon,0,1,0.0,-1.0,1.61,1.62,1.54,1.12,1.44,1.14,1.5,1.51,1.0,1.81,1.7,1.67,1.27,1.36,1.5,1.06,1.48,1.16,1.51,1.48,0.96,1.52,1.5,1.51,24.5,24.45,25.65,34.95,27.5,34.52,26.31,26.14,39.5,21.86,23.17,23.66,30.36,29.12,26.32,36.55,26.68,34.07,26.24,26.74,40.96,25.66,26.39,26.22,4.08,3.99,3.7,2.41,3.23,2.21,3.51,3.53,1.72,4.72,4.36,4.11,2.89,3.08,3.53,2.24,3.29,2.24,3.49,3.32,1.66,3.59,3.38,3.48,3.24,4.72,1,18,1530,1529,953801,3610,27.99,703.0,511,11.63,52.2,4.0,62.8,3.0,4.0,5,5,0,990772.0,1185581.0,1332891.0,800.7,251.4,205.8,51.0,55.0,60.0,4.0,3.0,2.0,1.58,1.35,1.42,3.87,3.08,3.34,25.77,28.69,27.29,1.63,1.42,1.53,1.69,1.57,1.53,1.27,1.23,1.2,train
2023,7,Phuket Town → Rawai (Route 4022),2,monsoon,0,1,-0.5,-0.866,1.57,1.64,1.69,1.21,1.44,1.14,1.52,1.53,1.0,1.77,1.7,1.68,1.3,1.42,1.55,1.09,1.48,1.21,1.6,1.53,1.01,1.55,1.56,1.57,24.97,23.81,23.44,32.37,27.46,34.3,26.02,25.88,39.62,22.33,23.26,23.56,29.82,27.48,25.54,36.31,26.74,32.67,24.84,25.91,39.28,25.54,25.07,25.18,3.97,4.25,4.32,2.55,3.17,2.21,3.57,3.58,1.73,4.56,4.33,4.13,2.95,3.2,3.6,2.22,3.27,2.37,3.85,3.44,1.76,3.6,3.58,3.7,3.33,4.56,1,18,1833,1837,1158753,3962,27.43,1015.8,904,13.95,56.0,5.0,60.0,3.6,4.0,2,2,0,953801.0,990772.0,1185581.0,703.0,800.7,251.4,52.2,51.0,55.0,5.0,4.0,3.0,1.61,1.58,1.35,4.08,3.87,3.08,24.5,25.77,28.69,1.62,1.63,1.42,1.67,1.69,1.57,1.27,1.27,1.23,train
2023,8,Phuket Town → Rawai (Route 4022),2,monsoon,0,1,-0.866,-0.5,1.69,1.74,1.6,1.18,1.5,1.2,1.62,1.59,1.0,1.97,1.81,1.7,1.34,1.41,1.62,1.08,1.58,1.28,1.64,1.51,0.96,1.61,1.59,1.57,24.13,23.11,25.57,34.2,27.26,33.9,25.28,25.62,40.6,20.71,22.58,23.99,30.04,28.63,25.15,37.15,25.85,31.98,24.97,26.73,41.97,25.03,25.4,26.03,4.35,4.47,3.81,2.51,3.38,2.33,3.98,3.78,1.72,5.11,4.68,4.2,2.95,3.14,3.63,2.24,3.48,2.47,3.87,3.35,1.66,3.79,3.66,3.67,3.426,5.11,1,18,1801,1801,1163563,3850,27.28,1022.9,906,13.36,56.5,5.0,56.5,3.5,3.8,3,3,0,1158753.0,953801.0,990772.0,1015.8,703.0,800.7,56.0,52.2,51.0,2.0,5.0,4.0,1.57,1.61,1.58,3.97,4.08,3.87,24.97,24.5,25.77,1.64,1.62,1.63,1.68,1.67,1.69,1.3,1.27,1.27,train
2023,9,Phuket Town → Rawai (Route 4022),2,monsoon,0,1,-1.0,-0.0,1.68,1.86,1.59,1.16,1.48,1.2,1.61,1.63,1.0,1.95,1.79,1.74,1.31,1.48,1.7,1.09,1.52,1.22,1.74,1.59,1.03,1.72,1.7,1.64,23.7,21.53,25.61,34.55,27.45,33.7,25.2,24.91,40.07,20.87,22.64,23.37,30.38,27.1,23.94,36.47,26.69,32.95,23.38,25.51,39.38,23.62,23.88,24.47,4.43,4.94,3.71,2.54,3.3,2.37,3.88,3.94,1.74,5.23,4.52,4.39,3.01,3.37,4.09,2.31,3.32,2.36,4.56,3.69,1.76,4.18,3.94,3.81,3.558,5.23,1,18,1555,1556,894767,3427,26.67,1363.4,1035,10.67,52.8,4.5,55.8,3.5,3.5,1,1,0,1163563.0,1158753.0,953801.0,1022.9,1015.8,703.0,56.5,56.0,52.2,3.0,2.0,5.0,1.69,1.57,1.61,4.35,3.97,4.08,24.13,24.97,24.5,1.74,1.64,1.62,1.7,1.68,1.67,1.34,1.3,1.27,train
2023,10,Phuket Town → Rawai (Route 4022),2,monsoon,0,1,-0.866,0.5,1.33,1.5,1.53,1.05,1.32,1.1,1.53,1.52,1.0,1.58,1.58,1.51,1.2,1.3,1.47,1.04,1.38,1.13,1.59,1.5,0.88,1.52,1.59,1.46,27.09,23.95,23.48,34.27,27.39,32.85,23.52,23.67,36.02,22.85,22.73,23.8,29.65,27.28,24.58,34.5,26.05,32.0,22.64,23.68,40.81,23.72,22.65,24.71,3.23,3.79,4.0,2.19,2.93,2.12,3.89,3.79,1.73,4.08,4.01,3.89,2.64,3.12,3.56,2.06,3.07,2.21,4.11,3.85,1.49,3.72,3.9,3.54,3.205,4.11,1,18,1725,1727,1098093,3774,26.69,1155.8,881,8.29,56.4,5.0,58.4,4.0,3.6,3,5,2,894767.0,1163563.0,1158753.0,1363.4,1022.9,1015.8,52.8,56.5,56.0,1.0,3.0,2.0,1.68,1.69,1.57,4.43,4.35,3.97,23.7,24.13,24.97,1.86,1.74,1.64,1.74,1.7,1.68,1.31,1.34,1.3,train
2023,11,Phuket Town → Rawai (Route 4022),2,shoulder,1,0,-0.5,0.866,1.76,1.9,1.67,1.15,1.5,1.18,1.65,1.72,1.0,1.99,1.95,1.87,1.32,1.45,1.71,1.17,1.52,1.23,1.7,1.57,1.0,1.73,1.86,1.68,22.72,21.04,23.92,34.33,26.65,34.06,24.29,23.29,40.06,20.16,20.59,21.37,29.82,27.18,23.43,33.79,26.41,32.56,23.61,25.57,39.95,23.17,21.59,23.57,4.69,5.07,4.2,2.47,3.41,2.32,4.1,4.34,1.69,5.36,5.22,5.06,3.04,3.41,4.3,2.27,3.42,2.5,4.2,3.73,1.76,4.37,4.76,4.08,3.74,5.36,1,18,1917,1919,1268968,4233,26.47,1162.9,769,8.93,65.0,6.0,65.2,4.2,3.0,0,1,0,1098093.0,894767.0,1163563.0,1155.8,1363.4,1022.9,56.4,52.8,56.5,3.0,1.0,3.0,1.33,1.68,1.69,3.23,4.43,4.35,27.09,23.7,24.13,1.5,1.86,1.74,1.51,1.74,1.7,1.2,1.31,1.34,train
2023,12,Phuket Town → Rawai (Route 4022),2,high_peak,1,0,-0.0,1.0,1.79,1.83,1.76,1.15,1.55,1.24,1.73,1.78,1.0,2.0,1.93,1.93,1.39,1.52,1.78,1.09,1.67,1.33,1.76,1.66,1.01,1.92,1.92,1.88,22.76,22.16,23.16,35.23,26.21,32.91,23.53,22.81,40.12,20.02,21.11,21.06,28.96,26.41,22.78,36.57,24.38,30.68,23.07,24.43,40.16,21.14,21.18,21.63,4.5,4.75,4.56,2.4,3.56,2.49,4.39,4.4,1.8,5.53,5.18,5.26,3.22,3.53,4.56,2.23,3.98,2.84,4.43,4.01,1.76,5.37,5.02,5.07,3.952,5.53,1,18,2291,2287,1462184,4857,26.86,436.5,378,10.48,72.0,6.2,72.4,4.4,3.8,8,9,1,1268968.0,1098093.0,894767.0,1162.9,1155.8,1363.4,65.0,56.4,52.8,0.0,3.0,1.0,1.76,1.33,1.68,4.69,3.23,4.43,22.72,27.09,23.7,1.9,1.5,1.86,1.87,1.51,1.74,1.32,1.2,1.31,train
2024,1,Phuket Town → Rawai (Route 4022),2,high_peak,1,0,0.5,0.866,1.62,1.73,1.65,1.13,1.5,1.16,1.61,1.67,1.0,1.91,1.81,1.75,1.31,1.43,1.6,1.05,1.62,1.24,1.66,1.51,1.01,1.65,1.72,1.59,23.52,22.35,23.43,34.18,25.78,33.4,24.02,23.1,38.67,20.21,21.31,22.06,29.18,27.11,24.16,36.45,23.9,31.15,23.34,25.35,37.83,23.16,22.5,23.83,4.25,4.55,4.29,2.36,3.54,2.24,4.03,4.18,1.78,5.24,4.87,4.77,2.88,3.33,4.04,2.11,3.99,2.56,4.19,3.68,1.82,4.26,4.41,4.14,3.646,5.24,1,18,2568,2576,1188683,5070,27.42,203.3,209,10.79,78.0,7.2,75.8,5.2,4.5,3,3,0,1462184.0,1268968.0,1098093.0,436.5,1162.9,1155.8,72.0,65.0,56.4,8.0,0.0,3.0,1.79,1.76,1.33,4.5,4.69,3.23,22.76,22.72,27.09,1.83,1.9,1.5,1.93,1.87,1.51,1.39,1.32,1.2,val
2024,2,Phuket Town → Rawai (Route 4022),2,high_peak,1,0,0.866,0.5,1.72,1.87,1.72,1.13,1.62,1.2,1.67,1.75,1.0,2.01,1.95,1.87,1.3,1.48,1.63,1.07,1.71,1.3,1.71,1.63,1.05,1.83,1.82,1.68,22.47,20.9,22.74,34.57,24.22,32.5,23.47,22.33,38.62,19.49,20.07,20.91,29.71,26.18,24.02,35.97,22.84,30.14,22.93,24.08,37.12,21.38,21.2,23.04,4.6,4.92,4.49,2.36,3.94,2.45,4.15,4.48,1.77,5.68,5.43,5.25,2.97,3.48,4.06,2.16,4.17,2.78,4.31,4.02,1.94,5.03,4.82,4.59,3.91,5.68,1,18,2542,2544,1165324,4808,28.62,88.1,95,11.2,73.8,6.5,69.0,5.0,4.5,6,8,0,1188683.0,1462184.0,1268968.0,203.3,436.5,1162.9,78.0,72.0,65.0,3.0,8.0,0.0,1.62,1.79,1.76,4.25,4.5,4.69,23.52,22.76,22.72,1.73,1.83,1.9,1.75,1.93,1.87,1.31,1.39,1.32,val
2024,3,Phuket Town → Rawai (Route 4022),2,high_peak,1,0,1.0,0.0,1.62,1.75,1.75,1.18,1.57,1.24,1.73,1.74,1.0,1.85,1.78,1.78,1.53,1.54,1.69,1.12,1.66,1.34,1.73,1.63,1.01,1.76,1.79,1.65,24.49,22.64,23.01,33.71,25.58,31.94,23.29,22.78,39.67,21.43,22.29,22.27,25.91,25.72,23.75,34.99,24.17,29.5,23.27,24.3,39.18,22.6,22.1,23.98,4.19,4.7,4.53,2.56,3.58,2.6,4.34,4.41,1.78,5.03,4.69,4.74,3.57,3.74,4.3,2.49,3.95,2.96,4.53,4.09,1.77,4.58,4.64,4.23,3.833,5.03,1,18,2493,2494,1283249,5013,29.12,264.1,226,9.48,70.6,6.0,66.0,4.0,4.4,1,1,0,1165324.0,1188683.0,1462184.0,88.1,203.3,436.5,73.8,78.0,72.0,6.0,3.0,8.0,1.72,1.62,1.79,4.6,4.25,4.5,22.47,23.52,22.76,1.87,1.73,1.83,1.87,1.75,1.93,1.3,1.31,1.39,val
2024,4,Phuket Town → Rawai (Route 4022),2,shoulder,0,0,0.866,-0.5,1.47,1.61,1.71,1.17,1.51,1.23,1.67,1.71,1.0,1.75,1.7,1.66,1.32,1.49,1.69,1.13,1.68,1.31,1.69,1.59,1.04,1.72,1.84,1.78,26.35,24.05,22.86,33.07,25.9,31.36,23.11,22.88,38.62,22.06,22.73,23.54,29.11,25.97,22.91,34.1,22.94,29.58,22.87,24.63,37.27,22.45,21.27,22.03,3.7,4.15,4.45,2.65,3.54,2.66,4.26,4.34,1.83,4.68,4.42,4.37,3.1,3.57,4.44,2.46,4.18,2.85,4.33,3.97,1.78,4.51,4.58,4.53,3.723,4.68,1,18,2226,2230,1092204,4548,29.62,368.5,321,8.09,63.2,5.5,62.5,4.0,4.5,7,10,3,1283249.0,1165324.0,1188683.0,264.1,88.1,203.3,70.6,73.8,78.0,1.0,6.0,3.0,1.62,1.72,1.62,4.19,4.6,4.25,24.49,22.47,23.52,1.75,1.87,1.73,1.78,1.87,1.75,1.53,1.3,1.31,val
2024,5,Phuket Town → Rawai (Route 4022),2,shoulder,0,1,0.5,-0.866,1.7,1.85,1.75,1.25,1.54,1.25,1.72,1.76,1.0,1.93,1.84,1.8,1.38,1.53,1.68,1.17,1.61,1.3,1.71,1.64,0.96,1.68,1.7,1.65,22.97,21.1,22.69,31.4,25.43,31.36,23.0,22.55,39.13,20.23,21.26,21.98,28.37,25.63,23.59,33.39,24.36,30.14,23.17,23.92,40.28,23.22,22.97,23.99,4.62,5.1,4.51,2.82,3.62,2.61,4.24,4.57,1.77,5.31,4.86,4.89,3.28,3.81,4.32,2.56,3.83,2.84,4.3,4.07,1.68,4.27,4.28,4.18,3.848,5.31,1,18,2158,2161,918703,4401,29.13,817.0,591,7.42,62.0,5.0,67.5,4.0,5.5,5,5,0,1092204.0,1283249.0,1165324.0,368.5,264.1,88.1,63.2,70.6,73.8,7.0,1.0,6.0,1.47,1.62,1.72,3.7,4.19,4.6,26.35,24.49,22.47,1.61,1.75,1.87,1.66,1.78,1.87,1.32,1.53,1.3,val
2024,6,Phuket Town → Rawai (Route 4022),2,monsoon,0,1,0.0,-1.0,1.75,1.83,1.58,1.14,1.44,1.15,1.55,1.6,1.0,1.82,1.73,1.65,1.28,1.36,1.55,1.08,1.49,1.24,1.52,1.49,0.96,1.53,1.63,1.54,20.6,19.76,23.15,31.72,25.4,31.45,23.62,22.55,36.6,19.81,21.17,21.93,28.21,26.47,23.59,33.59,24.31,29.05,23.71,24.21,37.5,23.43,22.51,23.7,4.9,5.28,4.03,2.59,3.44,2.41,3.93,4.22,1.76,5.0,4.63,4.41,2.97,3.36,3.89,2.32,3.57,2.72,3.9,3.69,1.7,3.91,4.18,3.91,3.613,5.28,1,18,2098,2095,889211,4136,28.35,906.8,625,11.13,62.0,5.2,69.2,4.0,4.4,2,2,0,918703.0,1092204.0,1283249.0,817.0,368.5,264.1,62.0,63.2,70.6,5.0,7.0,1.0,1.7,1.47,1.62,4.62,3.7,4.19,22.97,26.35,24.49,1.85,1.61,1.75,1.8,1.66,1.78,1.38,1.32,1.53,val
2024,7,Phuket Town → Rawai (Route 4022),2,monsoon,0,1,-0.5,-0.866,1.69,1.73,1.65,1.19,1.49,1.18,1.63,1.66,1.0,1.94,1.86,1.71,1.34,1.52,1.71,1.08,1.61,1.28,1.67,1.57,0.96,1.69,1.76,1.63,22.34,21.82,23.22,31.71,25.37,32.18,23.54,22.74,37.84,19.75,20.6,22.48,28.15,24.94,22.48,34.74,23.79,29.63,22.95,24.08,39.31,22.22,21.5,23.5,4.62,4.68,4.19,2.65,3.57,2.42,4.09,4.35,1.75,5.31,4.86,4.56,3.2,3.82,4.32,2.35,3.85,2.83,4.2,3.89,1.68,4.42,4.42,4.05,3.753,5.31,1,18,2313,2317,1104344,4798,27.56,795.5,658,9.08,63.8,5.8,70.5,4.0,4.2,4,4,0,889211.0,918703.0,1092204.0,906.8,817.0,368.5,62.0,62.0,63.2,2.0,5.0,7.0,1.75,1.7,1.47,4.9,4.62,3.7,20.6,22.97,26.35,1.83,1.85,1.61,1.65,1.8,1.66,1.28,1.38,1.32,test
2024,8,Phuket Town → Rawai (Route 4022),2,monsoon,0,1,-0.866,-0.5,1.84,1.91,1.73,1.22,1.53,1.27,1.68,1.75,1.0,2.04,1.84,1.83,1.4,1.52,1.72,1.17,1.59,1.33,1.78,1.65,0.99,1.8,1.75,1.88,21.13,20.36,22.74,31.76,25.37,31.11,23.49,22.25,38.88,19.36,21.18,21.48,27.77,25.52,22.88,33.29,24.46,29.22,22.18,23.63,39.41,21.54,22.19,20.96,5.06,5.39,4.5,2.76,3.64,2.58,4.22,4.64,1.75,5.64,4.9,4.9,3.34,3.81,4.5,2.48,3.77,2.9,4.44,4.29,1.77,4.88,4.6,4.87,3.985,5.64,1,18,2301,2304,1101450,4742,27.11,1102.6,825,8.75,68.0,6.0,72.2,4.2,4.2,1,1,0,1104344.0,889211.0,918703.0,795.5,906.8,817.0,63.8,62.0,62.0,4.0,2.0,5.0,1.69,1.75,1.7,4.62,4.9,4.62,22.34,20.6,22.97,1.73,1.83,1.85,1.71,1.65,1.8,1.34,1.28,1.38,test
2024,9,Phuket Town → Rawai (Route 4022),2,monsoon,0,1,-1.0,-0.0,1.76,1.85,1.74,1.17,1.69,1.19,1.63,1.67,1.0,1.93,1.79,1.81,1.34,1.46,1.67,1.09,1.58,1.3,1.61,1.56,0.98,1.69,1.68,1.58,21.48,20.36,22.0,32.04,23.64,31.67,23.09,22.53,37.71,19.51,21.09,21.14,28.09,25.91,22.87,34.4,23.83,28.95,23.44,24.23,38.39,22.34,22.43,23.81,4.79,5.16,4.4,2.58,3.71,2.48,4.06,4.33,1.74,5.33,4.69,4.81,3.2,3.49,4.21,2.4,3.76,2.83,4.1,3.89,1.71,4.35,4.15,3.94,3.755,5.33,1,18,2045,2047,890073,4190,26.65,1582.0,1238,13.74,63.2,6.0,70.6,4.0,4.6,1,1,0,1101450.0,1104344.0,889211.0,1102.6,795.5,906.8,68.0,63.8,62.0,1.0,4.0,2.0,1.84,1.69,1.75,5.06,4.62,4.9,21.13,22.34,20.6,1.91,1.73,1.83,1.83,1.71,1.65,1.4,1.34,1.28,test
2024,10,Phuket Town → Rawai (Route 4022),2,monsoon,0,1,-0.866,0.5,1.63,1.75,1.78,1.35,1.86,1.29,1.77,1.89,1.0,1.8,1.84,1.73,1.47,1.55,1.76,1.25,1.66,1.35,1.77,1.7,1.08,1.8,1.92,1.82,24.87,23.19,22.78,29.65,22.69,31.01,22.54,21.38,39.73,22.17,21.68,23.12,27.2,25.73,22.69,32.08,24.14,29.49,22.94,23.57,37.06,22.15,20.86,22.22,4.15,4.53,4.61,2.9,4.01,2.72,4.54,5.0,1.75,4.77,4.84,4.49,3.63,3.82,4.51,2.73,3.94,3.06,4.51,4.29,1.91,4.69,4.84,4.6,3.952,5.0,1,18,2216,2208,1035712,4572,26.74,985.4,859,8.57,66.8,6.0,71.5,4.5,4.8,4,6,2,890073.0,1101450.0,1104344.0,1582.0,1102.6,795.5,63.2,68.0,63.8,1.0,1.0,4.0,1.76,1.84,1.69,4.79,5.06,4.62,21.48,21.13,22.34,1.85,1.91,1.73,1.81,1.83,1.71,1.34,1.4,1.34,test
2024,11,Phuket Town → Rawai (Route 4022),2,shoulder,1,0,-0.5,0.866,1.78,1.92,1.81,1.24,1.51,1.23,1.79,1.81,1.0,2.01,1.92,1.87,1.42,1.51,1.82,1.14,1.64,1.32,1.71,1.63,1.0,1.71,1.82,1.66,21.64,20.09,21.59,31.19,25.47,31.35,21.79,21.31,38.57,19.15,20.09,20.67,27.24,25.56,21.49,33.9,23.55,29.31,22.6,23.7,38.5,22.52,21.24,23.22,4.88,5.46,4.8,2.74,3.66,2.68,4.5,4.79,1.79,5.62,5.19,5.15,3.46,3.7,4.53,2.43,4.04,2.98,4.41,4.09,1.78,4.35,4.7,4.25,3.999,5.62,1,18,2604,2607,1240159,5250,26.81,874.5,817,9.1,79.5,7.0,87.2,5.0,4.5,0,1,0,1035712.0,890073.0,1101450.0,985.4,1582.0,1102.6,66.8,63.2,68.0,4.0,1.0,1.0,1.63,1.76,1.84,4.15,4.79,5.06,24.87,21.48,21.13,1.75,1.85,1.91,1.73,1.81,1.83,1.47,1.34,1.4,test
2024,12,Phuket Town → Rawai (Route 4022),2,high_peak,1,0,-0.0,1.0,1.64,1.74,1.76,1.17,1.49,1.26,1.76,1.77,1.0,2.07,1.76,1.93,1.37,1.5,1.67,1.08,1.59,1.36,1.71,1.63,1.01,1.83,1.77,1.68,22.98,21.97,21.71,32.18,25.27,29.97,21.76,21.58,37.76,18.52,21.44,19.87,27.89,25.53,22.65,34.8,23.69,27.78,22.05,23.51,37.34,20.96,21.38,22.45,4.47,4.62,4.69,2.65,3.57,2.78,4.59,4.62,1.81,5.36,4.69,5.41,3.23,3.58,4.3,2.39,3.88,3.17,4.53,4.01,1.89,4.82,4.65,4.44,3.923,5.41,1,18,3081,3078,1476746,6138,26.87,604.3,495,11.38,87.8,7.6,85.2,5.4,5.0,7,8,1,1240159.0,1035712.0,890073.0,874.5,985.4,1582.0,79.5,66.8,63.2,0.0,4.0,1.0,1.78,1.63,1.76,4.88,4.15,4.79,21.64,24.87,21.48,1.92,1.75,1.85,1.87,1.73,1.81,1.42,1.47,1.34,test
2023,1,Bypass Road (Route 4027),3,high_peak,1,0,0.5,0.866,1.46,1.31,1.27,1.08,1.26,1.06,1.33,1.21,1.0,1.49,1.43,1.48,1.12,1.13,1.24,1.01,1.21,1.07,1.21,1.2,0.99,1.28,1.31,1.25,25.8,28.77,29.81,34.92,30.01,35.74,29.71,31.34,37.76,25.36,26.49,25.55,33.74,33.46,30.45,37.24,31.12,35.39,31.15,31.54,38.24,29.61,28.79,30.27,3.21,2.72,2.42,1.92,2.33,1.72,2.34,2.2,1.75,3.25,2.83,3.16,2.11,2.05,2.36,1.77,2.16,1.82,2.27,2.19,1.71,2.45,2.54,2.34,2.318,3.25,0,15,1784,1798,1258673,3855,26.28,295.0,320,11.03,70.0,6.2,67.8,4.8,5.0,7,7,0,,,,,,,,,,,,,,,,,,,,,,,,,,,,,,,train
2023,2,Bypass Road (Route 4027),3,high_peak,1,0,0.866,0.5,1.53,1.38,1.33,1.1,1.36,1.13,1.3,1.3,1.0,1.56,1.5,1.53,1.11,1.19,1.3,1.05,1.31,1.12,1.32,1.27,1.02,1.37,1.39,1.34,25.76,28.53,29.68,35.96,29.1,34.88,30.37,30.26,39.44,25.25,26.29,25.8,35.47,33.0,30.32,37.51,30.17,35.25,29.79,31.16,38.62,28.74,28.37,29.45,3.27,2.83,2.59,1.93,2.58,1.87,2.43,2.46,1.62,3.31,3.03,3.23,1.97,2.14,2.46,1.95,2.38,1.91,2.55,2.36,1.7,2.62,2.64,2.64,2.436,3.31,0,15,1750,1753,1211138,3610,27.12,128.6,176,10.94,64.5,5.2,63.8,4.0,4.8,1,1,0,1258673.0,,,295.0,,,70.0,,,7.0,,,1.46,,,3.21,,,25.8,,,1.31,,,1.48,,,1.12,,,train
2023,3,Bypass Road (Route 4027),3,high_peak,1,0,1.0,0.0,1.23,1.3,1.27,1.06,1.32,1.09,1.29,1.28,1.0,1.36,1.45,1.32,1.12,1.14,1.27,1.05,1.3,1.07,1.27,1.22,0.99,1.33,1.52,1.27,31.24,29.5,30.18,36.36,29.03,35.24,29.68,29.99,38.37,28.12,26.55,29.17,34.39,33.74,30.3,36.7,29.54,35.97,30.1,31.38,38.74,28.82,26.32,30.16,2.34,2.51,2.41,1.8,2.49,1.81,2.46,2.43,1.62,2.64,2.86,2.54,1.98,2.04,2.41,2.0,2.41,1.76,2.41,2.21,1.59,2.6,2.83,2.4,2.273,2.86,0,15,1970,1968,1332891,4223,27.78,205.8,198,10.82,60.0,4.8,63.8,3.5,5.0,2,2,0,1211138.0,1258673.0,,128.6,295.0,,64.5,70.0,,1.0,7.0,,1.53,1.46,,3.27,3.21,,25.76,25.8,,1.38,1.31,,1.53,1.48,,1.11,1.12,,train
2023,4,Bypass Road (Route 4027),3,shoulder,0,0,0.866,-0.5,1.13,1.21,1.24,1.05,1.33,1.08,1.54,1.26,1.0,1.31,1.39,1.26,1.09,1.13,1.23,1.01,1.28,1.09,1.25,1.21,1.01,1.43,1.48,1.27,33.92,31.82,30.97,36.69,28.97,35.52,26.07,30.54,38.44,29.28,27.64,30.47,35.16,33.88,31.18,37.92,30.01,35.35,30.84,31.8,38.19,28.02,27.08,30.28,2.04,2.22,2.28,1.79,2.55,1.79,2.7,2.36,1.57,2.43,2.71,2.36,1.87,2.05,2.31,1.8,2.36,1.86,2.35,2.19,1.85,2.64,2.73,2.41,2.218,2.73,0,15,1815,1813,1185581,4094,28.86,251.4,232,9.27,55.0,4.4,63.6,3.0,4.2,3,6,3,1332891.0,1211138.0,1258673.0,205.8,128.6,295.0,60.0,64.5,70.0,2.0,1.0,7.0,1.23,1.53,1.46,2.34,3.27,3.21,31.24,25.76,25.8,1.3,1.38,1.31,1.32,1.53,1.48,1.12,1.11,1.12,train
2023,5,Bypass Road (Route 4027),3,shoulder,0,1,0.5,-0.866,1.62,1.4,1.38,1.1,1.33,1.08,1.34,1.33,1.0,1.55,1.5,1.56,1.11,1.18,1.32,1.05,1.26,1.09,1.34,1.29,1.03,1.35,1.36,1.33,23.57,27.19,27.76,34.72,28.63,35.39,28.53,28.78,38.19,24.56,25.53,24.52,34.3,32.26,28.95,36.51,30.34,35.0,28.47,29.5,37.19,28.33,28.04,28.7,3.91,3.05,2.85,2.04,2.54,1.82,2.65,2.62,1.6,3.43,3.05,3.49,1.97,2.13,2.56,1.93,2.34,1.85,2.61,2.51,1.69,2.61,2.6,2.54,2.516,3.91,0,15,1633,1632,990772,3826,28.25,800.7,720,10.76,51.0,4.0,61.2,3.0,4.0,4,4,0,1185581.0,1332891.0,1211138.0,251.4,205.8,128.6,55.0,60.0,64.5,3.0,2.0,1.0,1.13,1.23,1.53,2.04,2.34,3.27,33.92,31.24,25.76,1.21,1.3,1.38,1.26,1.32,1.53,1.09,1.12,1.11,train
2023,6,Bypass Road (Route 4027),3,monsoon,0,1,0.0,-1.0,1.78,1.41,1.35,1.14,1.33,1.1,1.32,1.29,1.0,1.61,1.5,1.6,1.13,1.19,1.31,1.01,1.28,1.1,1.32,1.26,1.05,1.39,1.41,1.35,21.67,27.31,28.5,33.78,28.96,35.15,29.14,29.85,38.6,23.95,25.68,24.14,34.07,32.43,29.4,38.09,30.17,34.98,29.18,30.7,36.77,27.78,27.37,28.6,4.2,3.02,2.65,2.1,2.47,1.81,2.53,2.43,1.66,3.57,3.04,3.46,2.02,2.14,2.58,1.76,2.29,1.88,2.54,2.31,1.99,2.72,2.73,2.62,2.522,4.2,0,15,1530,1529,953801,3610,27.99,703.0,511,11.63,52.2,4.0,62.8,3.0,4.0,5,5,0,990772.0,1185581.0,1332891.0,800.7,251.4,205.8,51.0,55.0,60.0,4.0,3.0,2.0,1.62,1.13,1.23,3.91,2.04,2.34,23.57,33.92,31.24,1.4,1.21,1.3,1.56,1.26,1.32,1.11,1.09,1.12,train
2023,7,Bypass Road (Route 4027),3,monsoon,0,1,-0.5,-0.866,1.68,1.36,1.3,1.1,1.32,1.09,1.29,1.26,1.0,1.57,1.48,1.5,1.11,1.19,1.34,1.04,1.27,1.08,1.33,1.3,0.99,1.42,1.42,1.37,22.47,27.71,28.95,34.36,28.64,34.75,29.38,29.86,37.76,23.99,25.56,25.13,34.1,31.65,28.24,36.28,29.69,34.81,28.34,30.32,37.97,26.68,26.58,27.6,3.91,2.84,2.55,1.98,2.45,1.79,2.4,2.38,1.6,3.44,2.96,3.21,2.0,2.23,2.64,1.76,2.34,1.83,2.62,2.31,1.61,2.79,2.75,2.71,2.462,3.91,0,15,1833,1837,1158753,3962,27.43,1015.8,904,13.95,56.0,5.0,60.0,3.6,4.0,2,2,0,953801.0,990772.0,1185581.0,703.0,800.7,251.4,52.2,51.0,55.0,5.0,4.0,3.0,1.78,1.62,1.13,4.2,3.91,2.04,21.67,23.57,33.92,1.41,1.4,1.21,1.6,1.56,1.26,1.13,1.11,1.09,train
2023,8,Bypass Road (Route 4027),3,monsoon,0,1,-0.866,-0.5,1.61,1.33,1.29,1.09,1.32,1.08,1.29,1.25,1.0,1.54,1.5,1.52,1.09,1.16,1.28,0.98,1.27,1.06,1.28,1.21,0.98,1.38,1.41,1.31,23.26,27.98,28.9,34.13,28.28,34.63,28.91,29.77,37.34,24.21,24.94,24.64,34.13,32.17,29.23,38.24,29.46,35.08,29.08,30.95,38.02,27.07,26.5,28.54,3.65,2.75,2.5,1.95,2.46,1.78,2.49,2.36,1.62,3.29,3.08,3.25,1.99,2.09,2.46,1.62,2.31,1.81,2.48,2.21,1.62,2.7,2.75,2.53,2.406,3.65,0,15,1801,1801,1163563,3850,27.28,1022.9,906,13.36,56.5,5.0,56.5,3.5,3.8,3,3,0,1158753.0,953801.0,990772.0,1015.8,703.0,800.7,56.0,52.2,51.0,2.0,5.0,4.0,1.68,1.78,1.62,3.91,4.2,3.91,22.47,21.67,23.57,1.36,1.41,1.4,1.5,1.6,1.56,1.11,1.13,1.11,train
2023,9,Bypass Road (Route 4027),3,monsoon,0,1,-1.0,-0.0,1.72,1.47,1.39,1.1,1.27,1.08,1.37,1.3,1.0,1.59,1.45,1.55,1.11,1.19,1.28,1.0,1.26,1.09,1.32,1.24,1.0,1.38,1.39,1.33,22.02,25.69,27.17,34.35,29.86,35.11,27.66,29.16,37.78,23.79,26.11,24.39,34.07,31.64,29.58,37.64,30.1,34.51,28.72,30.47,37.84,27.37,27.1,28.5,4.2,3.34,2.83,1.92,2.25,1.77,2.71,2.48,1.86,3.47,2.81,3.38,1.94,2.25,2.39,1.79,2.2,1.79,2.55,2.27,1.6,2.74,2.65,2.57,2.49,4.2,0,15,1555,1556,894767,3427,26.67,1363.4,1035,10.67,52.8,4.5,55.8,3.5,3.5,1,1,0,1163563.0,1158753.0,953801.0,1022.9,1015.8,703.0,56.5,56.0,52.2,3.0,2.0,5.0,1.61,1.68,1.78,3.65,3.91,4.2,23.26,22.47,21.67,1.33,1.36,1.41,1.52,1.5,1.6,1.09,1.11,1.13,train
2023,10,Bypass Road (Route 4027),3,monsoon,0,1,-0.866,0.5,1.23,1.27,1.32,1.03,1.29,1.07,1.47,1.31,1.0,1.44,1.46,1.37,1.1,1.16,1.28,1.02,1.27,1.08,1.34,1.23,0.97,1.36,1.42,1.31,30.15,29.19,27.99,35.83,28.59,34.66,26.42,28.36,37.02,25.79,25.43,26.98,33.56,31.95,28.82,36.29,29.12,34.19,28.87,30.12,38.23,27.31,26.03,28.34,2.43,2.49,2.64,1.75,2.45,1.79,2.84,2.57,1.61,2.94,2.94,2.79,2.03,2.14,2.48,1.82,2.45,1.8,2.57,2.35,1.6,2.69,2.85,2.54,2.357,2.94,0,15,1725,1727,1098093,3774,26.69,1155.8,881,8.29,56.4,5.0,58.4,4.0,3.6,3,5,2,894767.0,1163563.0,1158753.0,1363.4,1022.9,1015.8,52.8,56.5,56.0,1.0,3.0,2.0,1.72,1.61,1.68,4.2,3.65,3.91,22.02,23.26,22.47,1.47,1.33,1.36,1.55,1.52,1.5,1.11,1.09,1.11,train
2023,11,Bypass Road (Route 4027),3,shoulder,1,0,-0.5,0.866,1.68,1.41,1.38,1.11,1.33,1.09,1.32,1.29,1.0,1.69,1.6,1.63,1.12,1.2,1.31,1.0,1.26,1.08,1.35,1.27,0.98,1.41,1.46,1.38,22.75,26.99,27.65,34.44,28.79,34.92,28.86,29.59,38.16,22.53,23.91,23.45,34.11,31.77,29.13,37.98,30.34,35.28,28.21,30.12,38.98,27.03,26.22,27.72,3.84,2.96,2.76,2.02,2.47,1.79,2.54,2.45,1.6,3.75,3.29,3.58,1.97,2.27,2.48,1.77,2.23,1.75,2.64,2.37,1.55,2.75,2.79,2.65,2.511,3.84,0,15,1917,1919,1268968,4233,26.47,1162.9,769,8.93,65.0,6.0,65.2,4.2,3.0,0,1,0,1098093.0,894767.0,1163563.0,1155.8,1363.4,1022.9,56.4,52.8,56.5,3.0,1.0,3.0,1.23,1.72,1.61,2.43,4.2,3.65,30.15,22.02,23.26,1.27,1.47,1.33,1.37,1.55,1.52,1.1,1.11,1.09,train
2023,12,Bypass Road (Route 4027),3,high_peak,1,0,-0.0,1.0,1.54,1.34,1.35,1.1,1.3,1.1,1.31,1.29,1.0,1.58,1.51,1.62,1.19,1.19,1.3,1.05,1.27,1.12,1.29,1.26,1.01,1.36,1.4,1.33,25.0,28.64,28.56,35.07,29.54,35.05,29.26,29.87,38.44,24.29,25.54,24.77,32.32,32.19,29.61,36.73,30.26,34.31,29.73,30.59,37.95,28.23,27.46,28.81,3.48,2.68,2.61,1.94,2.35,1.82,2.54,2.43,1.64,3.39,2.98,3.33,2.37,2.18,2.56,1.78,2.27,1.86,2.46,2.32,1.59,2.65,2.73,2.63,2.441,3.48,0,15,2291,2287,1462184,4857,26.86,436.5,378,10.48,72.0,6.2,72.4,4.4,3.8,8,9,1,1268968.0,1098093.0,894767.0,1162.9,1155.8,1363.4,65.0,56.4,52.8,0.0,3.0,1.0,1.68,1.23,1.72,3.84,2.43,4.2,22.75,30.15,22.02,1.41,1.27,1.47,1.63,1.37,1.55,1.12,1.1,1.11,train
2024,1,Bypass Road (Route 4027),3,high_peak,1,0,0.5,0.866,1.56,1.38,1.42,1.1,1.29,1.09,1.27,1.26,1.0,1.63,1.47,1.56,1.12,1.27,1.29,1.03,1.25,1.09,1.41,1.25,0.98,1.38,1.73,1.32,24.65,27.95,28.34,35.08,29.75,35.35,30.19,30.41,38.46,23.56,26.09,24.67,34.49,31.64,29.75,37.32,30.8,35.27,28.47,30.68,39.11,27.89,23.21,29.21,3.48,2.83,2.72,1.98,2.36,1.81,2.39,2.38,1.61,3.57,2.93,3.37,2.02,2.34,2.47,1.79,2.24,1.82,2.57,2.34,1.58,2.76,3.03,2.62,2.459,3.57,0,15,2568,2576,1188683,5070,27.42,203.3,209,10.79,78.0,7.2,75.8,5.2,4.5,3,3,0,1462184.0,1268968.0,1098093.0,436.5,1162.9,1155.8,72.0,65.0,56.4,8.0,0.0,3.0,1.54,1.68,1.23,3.48,3.84,2.43,25.0,22.75,30.15,1.34,1.41,1.27,1.62,1.63,1.37,1.19,1.12,1.1,val
2024,2,Bypass Road (Route 4027),3,high_peak,1,0,0.866,0.5,1.55,1.39,1.5,1.1,1.34,1.12,1.32,1.32,1.0,1.67,1.49,1.62,1.13,1.2,1.29,1.02,1.3,1.11,1.31,1.27,1.01,1.39,1.4,1.34,25.15,28.03,27.18,35.44,29.07,34.79,29.63,29.56,39.06,23.4,26.18,24.06,34.54,32.48,30.35,38.27,30.0,35.35,29.76,30.87,38.55,28.2,27.87,29.09,3.41,2.8,2.87,1.97,2.47,1.89,2.51,2.51,1.58,3.67,2.99,3.53,1.99,2.25,2.42,1.72,2.36,1.83,2.5,2.35,1.66,2.74,2.77,2.63,2.476,3.67,0,15,2542,2544,1165324,4808,28.62,88.1,95,11.2,73.8,6.5,69.0,5.0,4.5,6,8,0,1188683.0,1462184.0,1268968.0,203.3,436.5,1162.9,78.0,72.0,65.0,3.0,8.0,0.0,1.56,1.54,1.68,3.48,3.48,3.84,24.65,25.0,22.75,1.38,1.34,1.41,1.56,1.62,1.63,1.12,1.19,1.12,val
2024,3,Bypass Road (Route 4027),3,high_peak,1,0,1.0,0.0,1.23,1.3,1.29,1.04,1.31,1.1,1.32,1.29,1.0,1.43,1.4,1.37,1.1,1.18,1.24,1.0,1.27,1.11,1.29,1.27,1.0,1.35,1.39,1.34,30.93,29.2,29.33,36.56,29.07,34.54,28.84,29.41,37.97,26.56,27.13,27.75,34.37,32.05,30.5,38.14,29.93,34.29,29.54,29.96,38.03,28.07,27.29,28.43,2.36,2.54,2.5,1.73,2.41,1.82,2.58,2.47,1.64,2.91,2.71,2.73,1.99,2.26,2.38,1.66,2.33,1.85,2.48,2.44,1.61,2.73,2.74,2.64,2.313,2.91,0,15,2493,2494,1283249,5013,29.12,264.1,226,9.48,70.6,6.0,66.0,4.0,4.4,1,1,0,1165324.0,1188683.0,1462184.0,88.1,203.3,436.5,73.8,78.0,72.0,6.0,3.0,8.0,1.55,1.56,1.54,3.41,3.48,3.48,25.15,24.65,25.0,1.39,1.38,1.34,1.62,1.56,1.62,1.13,1.12,1.19,val
2024,4,Bypass Road (Route 4027),3,shoulder,0,0,0.866,-0.5,1.15,1.25,1.27,1.02,1.3,1.09,1.33,1.28,1.0,1.36,1.36,1.3,1.06,1.15,1.27,1.0,1.27,1.12,1.28,1.22,1.0,1.37,1.41,1.3,33.41,30.67,30.01,37.66,29.53,35.14,28.88,29.98,38.26,28.2,28.08,29.49,36.22,33.24,30.21,38.32,30.07,34.18,29.86,31.26,38.33,27.89,27.06,29.44,2.09,2.43,2.46,1.71,2.37,1.78,2.6,2.43,1.59,2.66,2.56,2.46,1.84,2.06,2.48,1.64,2.37,1.92,2.49,2.29,1.59,2.8,2.81,2.53,2.248,2.81,0,15,2226,2230,1092204,4548,29.62,368.5,321,8.09,63.2,5.5,62.5,4.0,4.5,7,10,3,1283249.0,1165324.0,1188683.0,264.1,88.1,203.3,70.6,73.8,78.0,1.0,6.0,3.0,1.23,1.55,1.56,2.36,3.41,3.48,30.93,25.15,24.65,1.3,1.39,1.38,1.37,1.62,1.56,1.1,1.13,1.12,val
2024,5,Bypass Road (Route 4027),3,shoulder,0,1,0.5,-0.866,1.6,1.42,1.36,1.11,1.31,1.1,1.32,1.3,1.0,1.63,1.49,1.65,1.09,1.16,1.26,1.03,1.27,1.08,1.29,1.24,1.01,1.37,1.42,1.33,23.84,26.77,27.94,34.34,29.02,34.54,28.85,29.24,38.06,23.35,25.55,23.0,34.93,32.74,30.25,37.1,30.01,35.16,29.39,30.76,37.86,27.69,26.79,28.51,3.76,3.04,2.76,2.06,2.44,1.8,2.52,2.48,1.6,3.68,3.04,3.81,1.95,2.13,2.35,1.85,2.36,1.73,2.46,2.26,1.67,2.88,2.91,2.81,2.515,3.81,0,15,2158,2161,918703,4401,29.13,817.0,591,7.42,62.0,5.0,67.5,4.0,5.5,5,5,0,1092204.0,1283249.0,1165324.0,368.5,264.1,88.1,63.2,70.6,73.8,7.0,1.0,6.0,1.15,1.23,1.55,2.09,2.36,3.41,33.41,30.93,25.15,1.25,1.3,1.39,1.3,1.37,1.62,1.06,1.1,1.13,val
2024,6,Bypass Road (Route 4027),3,monsoon,0,1,0.0,-1.0,1.84,1.48,1.36,1.15,1.27,1.09,1.3,1.27,1.0,1.69,1.44,1.67,1.12,1.21,1.3,1.04,1.24,1.08,1.35,1.28,1.01,1.35,1.34,1.33,20.52,25.51,27.76,32.94,29.69,34.79,29.15,29.69,37.81,22.36,26.19,22.65,33.9,31.15,29.01,36.5,30.39,34.95,27.92,29.52,37.39,28.04,28.31,28.38,4.56,3.38,2.77,2.13,2.31,1.77,2.47,2.37,1.6,3.85,2.9,3.66,2.01,2.32,2.55,1.77,2.23,1.79,2.76,2.44,1.59,2.66,2.56,2.67,2.547,4.56,0,15,2098,2095,889211,4136,28.35,906.8,625,11.13,62.0,5.2,69.2,4.0,4.4,2,2,0,918703.0,1092204.0,1283249.0,817.0,368.5,264.1,62.0,63.2,70.6,5.0,7.0,1.0,1.6,1.15,1.23,3.76,2.09,2.36,23.84,33.41,30.93,1.42,1.25,1.3,1.65,1.3,1.37,1.09,1.06,1.1,val
2024,7,Bypass Road (Route 4027),3,monsoon,0,1,-0.5,-0.866,1.62,1.34,1.35,1.11,1.28,1.09,1.31,1.29,1.0,1.61,1.43,1.66,1.1,1.23,1.3,1.04,1.24,1.09,1.34,1.26,0.99,1.37,1.37,1.37,23.47,28.5,28.2,34.15,29.75,34.99,29.14,29.43,38.07,23.62,26.58,24.05,34.52,30.88,29.22,36.52,30.58,35.05,28.49,30.16,38.52,27.83,27.8,27.78,3.67,2.66,2.68,2.02,2.31,1.8,2.5,2.46,1.64,3.56,2.82,3.54,1.9,2.31,2.47,1.85,2.2,1.82,2.53,2.32,1.71,2.64,2.62,2.7,2.447,3.67,0,15,2313,2317,1104344,4798,27.56,795.5,658,9.08,63.8,5.8,70.5,4.0,4.2,4,4,0,889211.0,918703.0,1092204.0,906.8,817.0,368.5,62.0,62.0,63.2,2.0,5.0,7.0,1.84,1.6,1.15,4.56,3.76,2.09,20.52,23.84,33.41,1.48,1.42,1.25,1.67,1.65,1.3,1.12,1.09,1.06,test
2024,8,Bypass Road (Route 4027),3,monsoon,0,1,-0.866,-0.5,1.67,1.39,1.38,1.13,1.3,1.1,1.33,1.29,1.0,1.69,1.5,1.67,1.12,1.23,1.29,1.03,1.24,1.05,1.35,1.27,0.99,1.34,1.33,1.34,22.56,27.25,27.29,33.47,29.09,34.25,28.38,29.31,37.76,22.36,25.23,22.67,33.62,30.74,29.25,36.52,30.4,35.82,27.94,29.66,38.07,28.21,28.35,28.16,3.91,3.01,2.8,2.07,2.42,1.84,2.61,2.49,1.6,3.9,3.18,3.81,2.09,2.32,2.51,1.72,2.25,1.73,2.67,2.4,1.6,2.67,2.59,2.68,2.536,3.91,0,15,2301,2304,1101450,4742,27.11,1102.6,825,8.75,68.0,6.0,72.2,4.2,4.2,1,1,0,1104344.0,889211.0,918703.0,795.5,906.8,817.0,63.8,62.0,62.0,4.0,2.0,5.0,1.62,1.84,1.6,3.67,4.56,3.76,23.47,20.52,23.84,1.34,1.48,1.42,1.66,1.67,1.65,1.1,1.12,1.09,test
2024,9,Bypass Road (Route 4027),3,monsoon,0,1,-1.0,-0.0,1.67,1.47,1.33,1.1,1.24,1.05,1.27,1.25,1.0,1.59,1.41,1.6,1.08,1.14,1.24,1.0,1.2,1.05,1.25,1.2,1.0,1.28,1.29,1.24,21.65,24.68,27.25,32.99,29.27,34.37,28.45,28.94,36.2,22.8,25.75,22.55,33.65,31.67,29.17,36.11,30.25,34.35,29.05,30.15,36.19,28.25,28.07,29.19,4.03,3.35,2.66,1.95,2.23,1.72,2.44,2.38,1.69,3.68,2.83,3.69,1.89,2.06,2.37,1.69,2.12,1.71,2.4,2.22,1.57,2.52,2.44,2.38,2.418,4.03,0,15,2045,2047,890073,4190,26.65,1582.0,1238,13.74,63.2,6.0,70.6,4.0,4.6,1,1,0,1101450.0,1104344.0,889211.0,1102.6,795.5,906.8,68.0,63.8,62.0,1.0,4.0,2.0,1.67,1.62,1.84,3.91,3.67,4.56,22.56,23.47,20.52,1.39,1.34,1.48,1.67,1.66,1.67,1.12,1.1,1.12,test
2024,10,Bypass Road (Route 4027),3,monsoon,0,1,-0.866,0.5,1.25,1.25,1.26,1.05,1.26,1.08,1.27,1.26,1.0,1.38,1.38,1.34,1.12,1.17,1.24,1.03,1.23,1.08,1.26,1.21,1.02,1.33,1.38,1.27,29.47,29.55,29.32,34.89,29.22,34.11,28.88,29.19,36.8,26.61,26.63,27.54,32.75,31.39,29.63,35.7,29.85,34.22,29.12,30.36,35.94,27.74,26.67,28.87,2.67,2.43,2.41,1.84,2.35,1.8,2.47,2.41,1.6,2.86,2.71,2.73,2.07,2.19,2.35,1.8,2.25,1.88,2.43,2.24,1.65,2.61,2.7,2.47,2.288,2.86,0,15,2216,2208,1035712,4572,26.74,985.4,859,8.57,66.8,6.0,71.5,4.5,4.8,4,6,2,890073.0,1101450.0,1104344.0,1582.0,1102.6,795.5,63.2,68.0,63.8,1.0,1.0,4.0,1.67,1.67,1.62,4.03,3.91,3.67,21.65,22.56,23.47,1.47,1.39,1.34,1.6,1.67,1.66,1.08,1.12,1.1,test
2024,11,Bypass Road (Route 4027),3,shoulder,1,0,-0.5,0.866,1.59,1.38,1.33,1.1,1.28,1.11,1.26,1.25,1.0,1.59,1.48,1.61,1.12,1.19,1.28,1.01,1.24,1.1,1.33,1.22,1.01,1.35,1.41,1.28,23.24,26.8,27.76,33.71,28.9,33.16,29.41,29.53,36.93,23.28,24.93,22.99,32.92,31.04,28.83,36.46,29.8,33.67,27.7,30.23,36.58,27.29,26.12,28.78,3.59,2.91,2.66,1.97,2.37,1.85,2.35,2.37,1.6,3.39,3.01,3.47,2.17,2.23,2.53,1.76,2.23,1.86,2.74,2.29,1.63,2.73,2.81,2.55,2.461,3.59,0,15,2604,2607,1240159,5250,26.81,874.5,817,9.1,79.5,7.0,87.2,5.0,4.5,0,1,0,1035712.0,890073.0,1101450.0,985.4,1582.0,1102.6,66.8,63.2,68.0,4.0,1.0,1.0,1.25,1.67,1.67,2.67,4.03,3.91,29.47,21.65,22.56,1.25,1.47,1.39,1.34,1.6,1.67,1.12,1.08,1.12,test
2024,12,Bypass Road (Route 4027),3,high_peak,1,0,-0.0,1.0,1.47,1.29,1.3,1.08,1.26,1.09,1.26,1.25,1.0,1.48,1.41,1.5,1.19,1.19,1.28,1.03,1.23,1.09,1.27,1.22,1.0,1.35,1.38,1.33,25.37,28.9,28.65,34.41,29.58,34.26,29.55,29.73,37.29,25.17,26.4,24.88,31.38,31.37,29.11,36.04,30.24,34.24,29.33,30.52,37.33,27.66,27.0,28.11,3.28,2.6,2.6,1.97,2.3,1.8,2.42,2.4,1.58,3.17,2.79,3.33,2.56,2.24,2.53,1.8,2.23,1.78,2.48,2.28,1.58,2.72,2.73,2.68,2.41,3.33,0,15,3081,3078,1476746,6138,26.87,604.3,495,11.38,87.8,7.6,85.2,5.4,5.0,7,8,1,1240159.0,1035712.0,890073.0,874.5,985.4,1582.0,79.5,66.8,63.2,0.0,4.0,1.0,1.59,1.25,1.67,3.59,2.67,4.03,23.24,29.47,21.65,1.38,1.25,1.47,1.61,1.34,1.6,1.12,1.12,1.08,test
